Period,CODE,SCR_MN,SCR_ENG,CODE1,SCR_MN1,SCR_ENG1,DTVAL_CO,CODE2
2018,0,_____ ___,Total,1,____,Total,105730,1
2018,0,_____ ___,Total,11,_______,Male,59691,1
2018,0,_____ ___,Total,12,_______,Female,46039,1
2018,1,______ ___,Western region,1,____,Total,17848,1
2018,1,____,Total,1,______ ___,Western region,17848,1
2018,1,______ ___,Western region,11,_______,Male,9869,1
2018,1,______ ___,Western region,12,_______,Female,7979,1
2018,181,______,Zavkhan,1,____,Total,3696,181
2018,181,______,Zavkhan,11,_______,Male,2048,181
2018,181,______,Zavkhan,12,_______,Female,1648,181
2018,182,____-_____,Govi-Altai,1,____,Total,2789,182
2018,182,____-_____,Govi-Altai,11,_______,Male,1604,182
2018,182,____-_____,Govi-Altai,12,_______,Female,1185,182
2018,183,____-_____,Bayan-Ulgii,1,____,Total,4168,183
2018,183,____-_____,Bayan-Ulgii,11,_______,Male,2080,183
2018,183,____-_____,Bayan-Ulgii,12,_______,Female,2088,183
2018,184,____,Khovd,1,____,Total,2639,184
2018,184,____,Khovd,11,_______,Male,1544,184
2018,184,____,Khovd,12,_______,Female,1095,184
2018,185,___,Uvs,1,____,Total,4556,185
2018,185,___,Uvs,11,_______,Male,2593,185
2018,185,___,Uvs,12,_______,Female,1963,185
2018,2,_______ ___,Khangai region,1,____,Total,22935,1
2018,2,_______ ___,Khangai region,11,_______,Male,12933,1
2018,2,_______ ___,Khangai region,12,_______,Female,10002,1
2018,261,_____,Orkhon,1,____,Total,4315,161
2018,261,_____,Orkhon,11,_______,Male,2352,161
2018,261,_____,Orkhon,12,_______,Female,1963,161
2018,262,__________,Uvurkhangai,1,____,Total,4103,162
2018,262,__________,Uvurkhangai,11,_______,Male,2353,162
2018,262,__________,Uvurkhangai,12,_______,Female,1750,162
2018,263,______,Bulgan,1,____,Total,2056,163
2018,263,______,Bulgan,11,_______,Male,1199,163
2018,263,______,Bulgan,12,_______,Female,857,163
2018,264,__________,Bayankhongor,1,____,Total,3322,164
2018,264,__________,Bayankhongor,11,_______,Male,1835,164
2018,264,__________,Bayankhongor,12,_______,Female,1487,164
2018,265,________,Arkhangai,1,____,Total,3523,165
2018,265,________,Arkhangai,11,_______,Male,2072,165
2018,265,________,Arkhangai,12,_______,Female,1451,165
2018,267,_______,Khuvsgul,1,____,Total,5616,167
2018,267,_______,Khuvsgul,11,_______,Male,3122,167
2018,267,_______,Khuvsgul,12,_______,Female,2494,167
2018,3,______ ___,Central region,1,____,Total,19227,1
2018,3,______ ___,Central region,11,_______,Male,11147,1
2018,3,______ ___,Central region,12,_______,Female,8080,1
2018,341,___,Tuv,1,____,Total,3211,141
2018,341,___,Tuv,11,_______,Male,1936,141
2018,341,___,Tuv,12,_______,Female,1275,141
2018,342,__________,Govisumber,1,____,Total,729,142
2018,342,__________,Govisumber,11,_______,Male,421,142
2018,342,__________,Govisumber,12,_______,Female,308,142
2018,343,_______,Selenge,1,____,Total,4616,143
2018,343,_______,Selenge,11,_______,Male,2655,143
2018,343,_______,Selenge,12,_______,Female,1961,143
2018,344,_________,Dornogovi,1,____,Total,2598,144
2018,344,_________,Dornogovi,11,_______,Male,1595,144
2018,344,_________,Dornogovi,12,_______,Female,1003,144
2018,345,______-___,Darkhan-Uul,1,____,Total,4262,145
2018,345,______-___,Darkhan-Uul,11,_______,Male,2398,145
2018,345,______-___,Darkhan-Uul,12,_______,Female,1864,145
2018,346,________,Umnugovi,1,____,Total,1985,146
2018,346,________,Umnugovi,11,_______,Male,1086,146
2018,346,________,Umnugovi,12,_______,Female,899,146
2018,348,________,Dundgovi,1,____,Total,1826,148
2018,348,________,Dundgovi,11,_______,Male,1056,148
2018,348,________,Dundgovi,12,_______,Female,770,148
2018,4,____ ___,Eastern region,1,____,Total,10131,1
2018,4,____ ___,Eastern region,11,_______,Male,6014,1
2018,4,____ ___,Eastern region,12,_______,Female,4117,1
2018,421,______,Dornod,1,____,Total,4328,121
2018,421,______,Dornod,11,_______,Male,2505,121
2018,421,______,Dornod,12,_______,Female,1823,121
2018,422,_________,Sukhbaatar,1,____,Total,2603,122
2018,422,_________,Sukhbaatar,11,_______,Male,1492,122
2018,422,_________,Sukhbaatar,12,_______,Female,1111,122
2018,423,______,Khentii,1,____,Total,3200,123
2018,423,______,Khentii,11,_______,Male,2017,123
2018,423,______,Khentii,12,_______,Female,1183,123
2018,5,___________,Ulaanbaatar,1,____,Total,35589,1
2018,5,___________,Ulaanbaatar,11,_______,Male,19728,1
2018,5,___________,Ulaanbaatar,12,_______,Female,15861,1
2018,511,___________,Ulaanbaatar,1,____,Total,35589,111
2018,511,___________,Ulaanbaatar,11,_______,Male,19728,111
2018,511,___________,Ulaanbaatar,12,_______,Female,15861,111
2017,0,_____ ___,Total,1,____,Total,103630,1
2017,0,_____ ___,Total,11,_______,Male,57310,1
2017,0,_____ ___,Total,12,_______,Female,46320,1
2017,1,______ ___,Western region,1,____,Total,17294,1
2017,1,____,Total,1,______ ___,Western region,17294,1
2017,1,______ ___,Western region,11,_______,Male,9179,1
2017,1,______ ___,Western region,12,_______,Female,8115,1
2017,181,______,Zavkhan,1,____,Total,3645,181
2017,181,______,Zavkhan,11,_______,Male,2056,181
2017,181,______,Zavkhan,12,_______,Female,1589,181
2017,182,____-_____,Govi-Altai,1,____,Total,2189,182
2017,182,____-_____,Govi-Altai,11,_______,Male,1225,182
2017,182,____-_____,Govi-Altai,12,_______,Female,964,182
2017,183,____-_____,Bayan-Ulgii,1,____,Total,4608,183
2017,183,____-_____,Bayan-Ulgii,11,_______,Male,2176,183
2017,183,____-_____,Bayan-Ulgii,12,_______,Female,2432,183
2017,184,____,Khovd,1,____,Total,2727,184
2017,184,____,Khovd,11,_______,Male,1453,184
2017,184,____,Khovd,12,_______,Female,1274,184
2017,185,___,Uvs,1,____,Total,4125,185
2017,185,___,Uvs,11,_______,Male,2269,185
2017,185,___,Uvs,12,_______,Female,1856,185
2017,2,_______ ___,Khangai region,1,____,Total,23115,1
2017,2,_______ ___,Khangai region,11,_______,Male,13204,1
2017,2,_______ ___,Khangai region,12,_______,Female,9911,1
2017,261,_____,Orkhon,1,____,Total,4115,161
2017,261,_____,Orkhon,11,_______,Male,2403,161
2017,261,_____,Orkhon,12,_______,Female,1712,161
2017,262,__________,Uvurkhangai,1,____,Total,3870,162
2017,262,__________,Uvurkhangai,11,_______,Male,2219,162
2017,262,__________,Uvurkhangai,12,_______,Female,1651,162
2017,263,______,Bulgan,1,____,Total,2196,163
2017,263,______,Bulgan,11,_______,Male,1267,163
2017,263,______,Bulgan,12,_______,Female,929,163
2017,264,__________,Bayankhongor,1,____,Total,3927,164
2017,264,__________,Bayankhongor,11,_______,Male,2336,164
2017,264,__________,Bayankhongor,12,_______,Female,1591,164
2017,265,________,Arkhangai,1,____,Total,3523,165
2017,265,________,Arkhangai,11,_______,Male,2010,165
2017,265,________,Arkhangai,12,_______,Female,1513,165
2017,267,_______,Khuvsgul,1,____,Total,5484,167
2017,267,_______,Khuvsgul,11,_______,Male,2969,167
2017,267,_______,Khuvsgul,12,_______,Female,2515,167
2017,3,______ ___,Central region,1,____,Total,19215,1
2017,3,______ ___,Central region,11,_______,Male,10967,1
2017,3,______ ___,Central region,12,_______,Female,8248,1
2017,341,___,Tuv,1,____,Total,3222,141
2017,341,___,Tuv,11,_______,Male,1895,141
2017,341,___,Tuv,12,_______,Female,1327,141
2017,342,__________,Govisumber,1,____,Total,688,142
2017,342,__________,Govisumber,11,_______,Male,392,142
2017,342,__________,Govisumber,12,_______,Female,296,142
2017,343,_______,Selenge,1,____,Total,4758,143
2017,343,_______,Selenge,11,_______,Male,2587,143
2017,343,_______,Selenge,12,_______,Female,2171,143
2017,344,_________,Dornogovi,1,____,Total,2552,144
2017,344,_________,Dornogovi,11,_______,Male,1549,144
2017,344,_________,Dornogovi,12,_______,Female,1003,144
2017,345,______-___,Darkhan-Uul,1,____,Total,4180,145
2017,345,______-___,Darkhan-Uul,11,_______,Male,2410,145
2017,345,______-___,Darkhan-Uul,12,_______,Female,1770,145
2017,346,________,Umnugovi,1,____,Total,1985,146
2017,346,________,Umnugovi,11,_______,Male,1090,146
2017,346,________,Umnugovi,12,_______,Female,895,146
2017,348,________,Dundgovi,1,____,Total,1830,148
2017,348,________,Dundgovi,11,_______,Male,1044,148
2017,348,________,Dundgovi,12,_______,Female,786,148
2017,4,____ ___,Eastern region,1,____,Total,9760,1
2017,4,____ ___,Eastern region,11,_______,Male,5607,1
2017,4,____ ___,Eastern region,12,_______,Female,4153,1
2017,421,______,Dornod,1,____,Total,4394,121
2017,421,______,Dornod,11,_______,Male,2546,121
2017,421,______,Dornod,12,_______,Female,1848,121
2017,422,_________,Sukhbaatar,1,____,Total,2522,122
2017,422,_________,Sukhbaatar,11,_______,Male,1467,122
2017,422,_________,Sukhbaatar,12,_______,Female,1055,122
2017,423,______,Khentii,1,____,Total,2844,123
2017,423,______,Khentii,11,_______,Male,1594,123
2017,423,______,Khentii,12,_______,Female,1250,123
2017,5,___________,Ulaanbaatar,1,____,Total,34246,1
2017,5,___________,Ulaanbaatar,11,_______,Male,18353,1
2017,5,___________,Ulaanbaatar,12,_______,Female,15893,1
2017,511,___________,Ulaanbaatar,1,____,Total,34246,111
2017,511,___________,Ulaanbaatar,11,_______,Male,18353,111
2017,511,___________,Ulaanbaatar,12,_______,Female,15893,111
2016,0,_____ ___,Total,1,____,Total,100993,1
2016,0,_____ ___,Total,11,_______,Male,55758,1
2016,0,_____ ___,Total,12,_______,Female,45235,1
2016,1,______ ___,Western region,1,____,Total,17272,1
2016,1,____,Total,1,______ ___,Western region,17272,1
2016,1,______ ___,Western region,11,_______,Male,9242,1
2016,1,______ ___,Western region,12,_______,Female,8030,1
2016,181,______,Zavkhan,1,____,Total,3618,181
2016,181,______,Zavkhan,11,_______,Male,1933,181
2016,181,______,Zavkhan,12,_______,Female,1685,181
2016,182,____-_____,Govi-Altai,1,____,Total,2158,182
2016,182,____-_____,Govi-Altai,11,_______,Male,1261,182
2016,182,____-_____,Govi-Altai,12,_______,Female,897,182
2016,183,____-_____,Bayan-Ulgii,1,____,Total,4564,183
2016,183,____-_____,Bayan-Ulgii,11,_______,Male,2184,183
2016,183,____-_____,Bayan-Ulgii,12,_______,Female,2380,183
2016,184,____,Khovd,1,____,Total,2832,184
2016,184,____,Khovd,11,_______,Male,1594,184
2016,184,____,Khovd,12,_______,Female,1238,184
2016,185,___,Uvs,1,____,Total,4100,185
2016,185,___,Uvs,11,_______,Male,2270,185
2016,185,___,Uvs,12,_______,Female,1830,185
2016,2,_______ ___,Khangai region,1,____,Total,21940,1
2016,2,_______ ___,Khangai region,11,_______,Male,12469,1
2016,2,_______ ___,Khangai region,12,_______,Female,9471,1
2016,261,_____,Orkhon,1,____,Total,4058,161
2016,261,_____,Orkhon,11,_______,Male,2345,161
2016,261,_____,Orkhon,12,_______,Female,1713,161
2016,262,__________,Uvurkhangai,1,____,Total,3598,162
2016,262,__________,Uvurkhangai,11,_______,Male,2047,162
2016,262,__________,Uvurkhangai,12,_______,Female,1551,162
2016,263,______,Bulgan,1,____,Total,1796,163
2016,263,______,Bulgan,11,_______,Male,1049,163
2016,263,______,Bulgan,12,_______,Female,747,163
2016,264,__________,Bayankhongor,1,____,Total,3416,164
2016,264,__________,Bayankhongor,11,_______,Male,1914,164
2016,264,__________,Bayankhongor,12,_______,Female,1502,164
2016,265,________,Arkhangai,1,____,Total,3513,165
2016,265,________,Arkhangai,11,_______,Male,1940,165
2016,265,________,Arkhangai,12,_______,Female,1573,165
2016,267,_______,Khuvsgul,1,____,Total,5559,167
2016,267,_______,Khuvsgul,11,_______,Male,3174,167
2016,267,_______,Khuvsgul,12,_______,Female,2385,167
2016,3,______ ___,Central region,1,____,Total,18788,1
2016,3,______ ___,Central region,11,_______,Male,10850,1
2016,3,______ ___,Central region,12,_______,Female,7938,1
2016,341,___,Tuv,1,____,Total,3250,141
2016,341,___,Tuv,11,_______,Male,1921,141
2016,341,___,Tuv,12,_______,Female,1329,141
2016,342,__________,Govisumber,1,____,Total,683,142
2016,342,__________,Govisumber,11,_______,Male,384,142
2016,342,__________,Govisumber,12,_______,Female,299,142
2016,343,_______,Selenge,1,____,Total,4630,143
2016,343,_______,Selenge,11,_______,Male,2634,143
2016,343,_______,Selenge,12,_______,Female,1996,143
2016,344,_________,Dornogovi,1,____,Total,2470,144
2016,344,_________,Dornogovi,11,_______,Male,1510,144
2016,344,_________,Dornogovi,12,_______,Female,960,144
2016,345,______-___,Darkhan-Uul,1,____,Total,4155,145
2016,345,______-___,Darkhan-Uul,11,_______,Male,2378,145
2016,345,______-___,Darkhan-Uul,12,_______,Female,1777,145
2016,346,________,Umnugovi,1,____,Total,1853,146
2016,346,________,Umnugovi,11,_______,Male,1019,146
2016,346,________,Umnugovi,12,_______,Female,834,146
2016,348,________,Dundgovi,1,____,Total,1747,148
2016,348,________,Dundgovi,11,_______,Male,1004,148
2016,348,________,Dundgovi,12,_______,Female,743,148
2016,4,____ ___,Eastern region,1,____,Total,9280,1
2016,4,____ ___,Eastern region,11,_______,Male,5379,1
2016,4,____ ___,Eastern region,12,_______,Female,3901,1
2016,421,______,Dornod,1,____,Total,4137,121
2016,421,______,Dornod,11,_______,Male,2372,121
2016,421,______,Dornod,12,_______,Female,1765,121
2016,422,_________,Sukhbaatar,1,____,Total,2649,122
2016,422,_________,Sukhbaatar,11,_______,Male,1559,122
2016,422,_________,Sukhbaatar,12,_______,Female,1090,122
2016,423,______,Khentii,1,____,Total,2494,123
2016,423,______,Khentii,11,_______,Male,1448,123
2016,423,______,Khentii,12,_______,Female,1046,123
2016,5,___________,Ulaanbaatar,1,____,Total,33713,1
2016,5,___________,Ulaanbaatar,11,_______,Male,17818,1
2016,5,___________,Ulaanbaatar,12,_______,Female,15895,1
2016,511,___________,Ulaanbaatar,1,____,Total,33713,111
2016,511,___________,Ulaanbaatar,11,_______,Male,17818,111
2016,511,___________,Ulaanbaatar,12,_______,Female,15895,111
2015,0,_____ ___,Total,1,____,Total,101730,1
2015,0,_____ ___,Total,11,_______,Male,56434,1
2015,0,_____ ___,Total,12,_______,Female,45296,1
2015,1,______ ___,Western region,1,____,Total,17544,1
2015,1,____,Total,1,______ ___,Western region,17544,1
2015,1,______ ___,Western region,11,_______,Male,9517,1
2015,1,______ ___,Western region,12,_______,Female,8027,1
2015,181,______,Zavkhan,1,____,Total,3723,181
2015,181,______,Zavkhan,11,_______,Male,2009,181
2015,181,______,Zavkhan,12,_______,Female,1714,181
2015,182,____-_____,Govi-Altai,1,____,Total,2220,182
2015,182,____-_____,Govi-Altai,11,_______,Male,1223,182
2015,182,____-_____,Govi-Altai,12,_______,Female,997,182
2015,183,____-_____,Bayan-Ulgii,1,____,Total,4516,183
2015,183,____-_____,Bayan-Ulgii,11,_______,Male,2291,183
2015,183,____-_____,Bayan-Ulgii,12,_______,Female,2225,183
2015,184,____,Khovd,1,____,Total,2958,184
2015,184,____,Khovd,11,_______,Male,1690,184
2015,184,____,Khovd,12,_______,Female,1268,184
2015,185,___,Uvs,1,____,Total,4127,185
2015,185,___,Uvs,11,_______,Male,2304,185
2015,185,___,Uvs,12,_______,Female,1823,185
2015,2,_______ ___,Khangai region,1,____,Total,22524,1
2015,2,_______ ___,Khangai region,11,_______,Male,12536,1
2015,2,_______ ___,Khangai region,12,_______,Female,9988,1
2015,261,_____,Orkhon,1,____,Total,3845,161
2015,261,_____,Orkhon,11,_______,Male,2297,161
2015,261,_____,Orkhon,12,_______,Female,1548,161
2015,262,__________,Uvurkhangai,1,____,Total,3879,162
2015,262,__________,Uvurkhangai,11,_______,Male,2085,162
2015,262,__________,Uvurkhangai,12,_______,Female,1794,162
2015,263,______,Bulgan,1,____,Total,2401,163
2015,263,______,Bulgan,11,_______,Male,1394,163
2015,263,______,Bulgan,12,_______,Female,1007,163
2015,264,__________,Bayankhongor,1,____,Total,3267,164
2015,264,__________,Bayankhongor,11,_______,Male,1843,164
2015,264,__________,Bayankhongor,12,_______,Female,1424,164
2015,265,________,Arkhangai,1,____,Total,3433,165
2015,265,________,Arkhangai,11,_______,Male,1851,165
2015,265,________,Arkhangai,12,_______,Female,1582,165
2015,267,_______,Khuvsgul,1,____,Total,5699,167
2015,267,_______,Khuvsgul,11,_______,Male,3066,167
2015,267,_______,Khuvsgul,12,_______,Female,2633,167
2015,3,______ ___,Central region,1,____,Total,18051,1
2015,3,______ ___,Central region,11,_______,Male,10344,1
2015,3,______ ___,Central region,12,_______,Female,7707,1
2015,341,___,Tuv,1,____,Total,3124,141
2015,341,___,Tuv,11,_______,Male,1836,141
2015,341,___,Tuv,12,_______,Female,1288,141
2015,342,__________,Govisumber,1,____,Total,669,142
2015,342,__________,Govisumber,11,_______,Male,376,142
2015,342,__________,Govisumber,12,_______,Female,293,142
2015,343,_______,Selenge,1,____,Total,4252,143
2015,343,_______,Selenge,11,_______,Male,2387,143
2015,343,_______,Selenge,12,_______,Female,1865,143
2015,344,_________,Dornogovi,1,____,Total,2548,144
2015,344,_________,Dornogovi,11,_______,Male,1521,144
2015,344,_________,Dornogovi,12,_______,Female,1027,144
2015,345,______-___,Darkhan-Uul,1,____,Total,4017,145
2015,345,______-___,Darkhan-Uul,11,_______,Male,2289,145
2015,345,______-___,Darkhan-Uul,12,_______,Female,1728,145
2015,346,________,Umnugovi,1,____,Total,1604,146
2015,346,________,Umnugovi,11,_______,Male,892,146
2015,346,________,Umnugovi,12,_______,Female,712,146
2015,348,________,Dundgovi,1,____,Total,1837,148
2015,348,________,Dundgovi,11,_______,Male,1043,148
2015,348,________,Dundgovi,12,_______,Female,794,148
2015,4,____ ___,Eastern region,1,____,Total,9668,1
2015,4,____ ___,Eastern region,11,_______,Male,5717,1
2015,4,____ ___,Eastern region,12,_______,Female,3951,1
2015,421,______,Dornod,1,____,Total,4258,121
2015,421,______,Dornod,11,_______,Male,2411,121
2015,421,______,Dornod,12,_______,Female,1847,121
2015,422,_________,Sukhbaatar,1,____,Total,2696,122
2015,422,_________,Sukhbaatar,11,_______,Male,1572,122
2015,422,_________,Sukhbaatar,12,_______,Female,1124,122
2015,423,______,Khentii,1,____,Total,2714,123
2015,423,______,Khentii,11,_______,Male,1734,123
2015,423,______,Khentii,12,_______,Female,980,123
2015,5,___________,Ulaanbaatar,1,____,Total,33943,1
2015,5,___________,Ulaanbaatar,11,_______,Male,18320,1
2015,5,___________,Ulaanbaatar,12,_______,Female,15623,1
2015,511,___________,Ulaanbaatar,1,____,Total,33943,111
2015,511,___________,Ulaanbaatar,11,_______,Male,18320,111
2015,511,___________,Ulaanbaatar,12,_______,Female,15623,111
2014,0,_____ ___,Total,1,____,Total,99573,1
2014,0,_____ ___,Total,11,_______,Male,54864,1
2014,0,_____ ___,Total,12,_______,Female,44709,1
2014,1,______ ___,Western region,1,____,Total,16867,1
2014,1,____,Total,1,______ ___,Western region,16867,1
2014,1,______ ___,Western region,11,_______,Male,9317,1
2014,1,______ ___,Western region,12,_______,Female,7550,1
2014,181,______,Zavkhan,1,____,Total,3921,181
2014,181,______,Zavkhan,11,_______,Male,2194,181
2014,181,______,Zavkhan,12,_______,Female,1727,181
2014,182,____-_____,Govi-Altai,1,____,Total,2039,182
2014,182,____-_____,Govi-Altai,11,_______,Male,1116,182
2014,182,____-_____,Govi-Altai,12,_______,Female,923,182
2014,183,____-_____,Bayan-Ulgii,1,____,Total,4461,183
2014,183,____-_____,Bayan-Ulgii,11,_______,Male,2343,183
2014,183,____-_____,Bayan-Ulgii,12,_______,Female,2118,183
2014,184,____,Khovd,1,____,Total,3025,184
2014,184,____,Khovd,11,_______,Male,1745,184
2014,184,____,Khovd,12,_______,Female,1280,184
2014,185,___,Uvs,1,____,Total,3421,185
2014,185,___,Uvs,11,_______,Male,1919,185
2014,185,___,Uvs,12,_______,Female,1502,185
2014,2,_______ ___,Khangai region,1,____,Total,21683,1
2014,2,_______ ___,Khangai region,11,_______,Male,11932,1
2014,2,_______ ___,Khangai region,12,_______,Female,9751,1
2014,261,_____,Orkhon,1,____,Total,3744,161
2014,261,_____,Orkhon,11,_______,Male,2201,161
2014,261,_____,Orkhon,12,_______,Female,1543,161
2014,262,__________,Uvurkhangai,1,____,Total,3743,162
2014,262,__________,Uvurkhangai,11,_______,Male,2007,162
2014,262,__________,Uvurkhangai,12,_______,Female,1736,162
2014,263,______,Bulgan,1,____,Total,1992,163
2014,263,______,Bulgan,11,_______,Male,1209,163
2014,263,______,Bulgan,12,_______,Female,783,163
2014,264,__________,Bayankhongor,1,____,Total,3293,164
2014,264,__________,Bayankhongor,11,_______,Male,1779,164
2014,264,__________,Bayankhongor,12,_______,Female,1514,164
2014,265,________,Arkhangai,1,____,Total,3454,165
2014,265,________,Arkhangai,11,_______,Male,1825,165
2014,265,________,Arkhangai,12,_______,Female,1629,165
2014,267,_______,Khuvsgul,1,____,Total,5457,167
2014,267,_______,Khuvsgul,11,_______,Male,2911,167
2014,267,_______,Khuvsgul,12,_______,Female,2546,167
2014,3,______ ___,Central region,1,____,Total,17109,1
2014,3,______ ___,Central region,11,_______,Male,9888,1
2014,3,______ ___,Central region,12,_______,Female,7221,1
2014,341,___,Tuv,1,____,Total,2545,141
2014,341,___,Tuv,11,_______,Male,1471,141
2014,341,___,Tuv,12,_______,Female,1074,141
2014,342,__________,Govisumber,1,____,Total,579,142
2014,342,__________,Govisumber,11,_______,Male,321,142
2014,342,__________,Govisumber,12,_______,Female,258,142
2014,343,_______,Selenge,1,____,Total,4627,143
2014,343,_______,Selenge,11,_______,Male,2570,143
2014,343,_______,Selenge,12,_______,Female,2057,143
2014,344,_________,Dornogovi,1,____,Total,2309,144
2014,344,_________,Dornogovi,11,_______,Male,1389,144
2014,344,_________,Dornogovi,12,_______,Female,920,144
2014,345,______-___,Darkhan-Uul,1,____,Total,3790,145
2014,345,______-___,Darkhan-Uul,11,_______,Male,2209,145
2014,345,______-___,Darkhan-Uul,12,_______,Female,1581,145
2014,346,________,Umnugovi,1,____,Total,1277,146
2014,346,________,Umnugovi,11,_______,Male,772,146
2014,346,________,Umnugovi,12,_______,Female,505,146
2014,348,________,Dundgovi,1,____,Total,1982,148
2014,348,________,Dundgovi,11,_______,Male,1156,148
2014,348,________,Dundgovi,12,_______,Female,826,148
2014,4,____ ___,Eastern region,1,____,Total,9569,1
2014,4,____ ___,Eastern region,11,_______,Male,5533,1
2014,4,____ ___,Eastern region,12,_______,Female,4036,1
2014,421,______,Dornod,1,____,Total,4025,121
2014,421,______,Dornod,11,_______,Male,2310,121
2014,421,______,Dornod,12,_______,Female,1715,121
2014,422,_________,Sukhbaatar,1,____,Total,2665,122
2014,422,_________,Sukhbaatar,11,_______,Male,1558,122
2014,422,_________,Sukhbaatar,12,_______,Female,1107,122
2014,423,______,Khentii,1,____,Total,2879,123
2014,423,______,Khentii,11,_______,Male,1665,123
2014,423,______,Khentii,12,_______,Female,1214,123
2014,5,___________,Ulaanbaatar,1,____,Total,34345,1
2014,5,___________,Ulaanbaatar,11,_______,Male,18194,1
2014,5,___________,Ulaanbaatar,12,_______,Female,16151,1
2014,511,___________,Ulaanbaatar,1,____,Total,34345,111
2014,511,___________,Ulaanbaatar,11,_______,Male,18194,111
2014,511,___________,Ulaanbaatar,12,_______,Female,16151,111
2013,0,_____ ___,Total,1,____,Total,96325,1
2013,0,_____ ___,Total,11,_______,Male,52765,1
2013,0,_____ ___,Total,12,_______,Female,43560,1
2013,1,____,Total,1,______ ___,Western region,16053,1
2013,1,______ ___,Western region,1,____,Total,16053,1
2013,1,______ ___,Western region,11,_______,Male,8693,1
2013,1,______ ___,Western region,12,_______,Female,7360,1
2013,181,______,Zavkhan,1,____,Total,3612,181
2013,181,______,Zavkhan,11,_______,Male,1940,181
2013,181,______,Zavkhan,12,_______,Female,1672,181
2013,182,____-_____,Govi-Altai,1,____,Total,2035,182
2013,182,____-_____,Govi-Altai,11,_______,Male,1079,182
2013,182,____-_____,Govi-Altai,12,_______,Female,956,182
2013,183,____-_____,Bayan-Ulgii,1,____,Total,4399,183
2013,183,____-_____,Bayan-Ulgii,11,_______,Male,2150,183
2013,183,____-_____,Bayan-Ulgii,12,_______,Female,2249,183
2013,184,____,Khovd,1,____,Total,2779,184
2013,184,____,Khovd,11,_______,Male,1652,184
2013,184,____,Khovd,12,_______,Female,1127,184
2013,185,___,Uvs,1,____,Total,3228,185
2013,185,___,Uvs,11,_______,Male,1872,185
2013,185,___,Uvs,12,_______,Female,1356,185
2013,2,_______ ___,Khangai region,1,____,Total,22037,1
2013,2,_______ ___,Khangai region,11,_______,Male,11902,1
2013,2,_______ ___,Khangai region,12,_______,Female,10135,1
2013,261,_____,Orkhon,1,____,Total,3458,161
2013,261,_____,Orkhon,11,_______,Male,2007,161
2013,261,_____,Orkhon,12,_______,Female,1451,161
2013,262,__________,Uvurkhangai,1,____,Total,4187,162
2013,262,__________,Uvurkhangai,11,_______,Male,2057,162
2013,262,__________,Uvurkhangai,12,_______,Female,2130,162
2013,263,______,Bulgan,1,____,Total,2209,163
2013,263,______,Bulgan,11,_______,Male,1348,163
2013,263,______,Bulgan,12,_______,Female,861,163
2013,264,__________,Bayankhongor,1,____,Total,3438,164
2013,264,__________,Bayankhongor,11,_______,Male,1899,164
2013,264,__________,Bayankhongor,12,_______,Female,1539,164
2013,265,________,Arkhangai,1,____,Total,3495,165
2013,265,________,Arkhangai,11,_______,Male,1829,165
2013,265,________,Arkhangai,12,_______,Female,1666,165
2013,267,_______,Khuvsgul,1,____,Total,5250,167
2013,267,_______,Khuvsgul,11,_______,Male,2762,167
2013,267,_______,Khuvsgul,12,_______,Female,2488,167
2013,3,______ ___,Central region,1,____,Total,16564,1
2013,3,______ ___,Central region,11,_______,Male,9604,1
2013,3,______ ___,Central region,12,_______,Female,6960,1
2013,341,___,Tuv,1,____,Total,2699,141
2013,341,___,Tuv,11,_______,Male,1629,141
2013,341,___,Tuv,12,_______,Female,1070,141
2013,342,__________,Govisumber,1,____,Total,557,142
2013,342,__________,Govisumber,11,_______,Male,321,142
2013,342,__________,Govisumber,12,_______,Female,236,142
2013,343,_______,Selenge,1,____,Total,4414,143
2013,343,_______,Selenge,11,_______,Male,2512,143
2013,343,_______,Selenge,12,_______,Female,1902,143
2013,344,_________,Dornogovi,1,____,Total,2091,144
2013,344,_________,Dornogovi,11,_______,Male,1228,144
2013,344,_________,Dornogovi,12,_______,Female,863,144
2013,345,______-___,Darkhan-Uul,1,____,Total,3624,145
2013,345,______-___,Darkhan-Uul,11,_______,Male,2062,145
2013,345,______-___,Darkhan-Uul,12,_______,Female,1562,145
2013,346,________,Umnugovi,1,____,Total,1249,146
2013,346,________,Umnugovi,11,_______,Male,755,146
2013,346,________,Umnugovi,12,_______,Female,494,146
2013,348,________,Dundgovi,1,____,Total,1930,148
2013,348,________,Dundgovi,11,_______,Male,1097,148
2013,348,________,Dundgovi,12,_______,Female,833,148
2013,4,____ ___,Eastern region,1,____,Total,9804,1
2013,4,____ ___,Eastern region,11,_______,Male,5717,1
2013,4,____ ___,Eastern region,12,_______,Female,4087,1
2013,421,______,Dornod,1,____,Total,4053,121
2013,421,______,Dornod,11,_______,Male,2430,121
2013,421,______,Dornod,12,_______,Female,1623,121
2013,422,_________,Sukhbaatar,1,____,Total,2663,122
2013,422,_________,Sukhbaatar,11,_______,Male,1504,122
2013,422,_________,Sukhbaatar,12,_______,Female,1159,122
2013,423,______,Khentii,1,____,Total,3088,123
2013,423,______,Khentii,11,_______,Male,1783,123
2013,423,______,Khentii,12,_______,Female,1305,123
2013,5,___________,Ulaanbaatar,1,____,Total,31867,1
2013,5,___________,Ulaanbaatar,11,_______,Male,16849,1
2013,5,___________,Ulaanbaatar,12,_______,Female,15018,1
2013,511,___________,Ulaanbaatar,1,____,Total,31867,111
2013,511,___________,Ulaanbaatar,11,_______,Male,16849,111
2013,511,___________,Ulaanbaatar,12,_______,Female,15018,111
2012,0,_____ ___,Total,1,____,Total,92263,1
2012,0,_____ ___,Total,11,_______,Male,49680,1
2012,0,_____ ___,Total,12,_______,Female,42583,1
2012,1,____,Total,1,______ ___,Western region,15527,1
2012,1,______ ___,Western region,1,____,Total,15527,1
2012,1,______ ___,Western region,11,_______,Male,8113,1
2012,1,______ ___,Western region,12,_______,Female,7414,1
2012,181,______,Zavkhan,1,____,Total,3879,181
2012,181,______,Zavkhan,11,_______,Male,1964,181
2012,181,______,Zavkhan,12,_______,Female,1915,181
2012,182,____-_____,Govi-Altai,1,____,Total,1757,182
2012,182,____-_____,Govi-Altai,11,_______,Male,927,182
2012,182,____-_____,Govi-Altai,12,_______,Female,830,182
2012,183,____-_____,Bayan-Ulgii,1,____,Total,4305,183
2012,183,____-_____,Bayan-Ulgii,11,_______,Male,2153,183
2012,183,____-_____,Bayan-Ulgii,12,_______,Female,2152,183
2012,184,____,Khovd,1,____,Total,2732,184
2012,184,____,Khovd,11,_______,Male,1495,184
2012,184,____,Khovd,12,_______,Female,1237,184
2012,185,___,Uvs,1,____,Total,2854,185
2012,185,___,Uvs,11,_______,Male,1574,185
2012,185,___,Uvs,12,_______,Female,1280,185
2012,2,_______ ___,Khangai region,1,____,Total,21188,1
2012,2,_______ ___,Khangai region,11,_______,Male,11489,1
2012,2,_______ ___,Khangai region,12,_______,Female,9699,1
2012,261,_____,Orkhon,1,____,Total,3258,161
2012,261,_____,Orkhon,11,_______,Male,1889,161
2012,261,_____,Orkhon,12,_______,Female,1369,161
2012,262,__________,Uvurkhangai,1,____,Total,4111,162
2012,262,__________,Uvurkhangai,11,_______,Male,2247,162
2012,262,__________,Uvurkhangai,12,_______,Female,1864,162
2012,263,______,Bulgan,1,____,Total,2426,163
2012,263,______,Bulgan,11,_______,Male,1342,163
2012,263,______,Bulgan,12,_______,Female,1084,163
2012,264,__________,Bayankhongor,1,____,Total,3355,164
2012,264,__________,Bayankhongor,11,_______,Male,1867,164
2012,264,__________,Bayankhongor,12,_______,Female,1488,164
2012,265,________,Arkhangai,1,____,Total,3364,165
2012,265,________,Arkhangai,11,_______,Male,1734,165
2012,265,________,Arkhangai,12,_______,Female,1630,165
2012,267,_______,Khuvsgul,1,____,Total,4674,167
2012,267,_______,Khuvsgul,11,_______,Male,2410,167
2012,267,_______,Khuvsgul,12,_______,Female,2264,167
2012,3,______ ___,Central region,1,____,Total,16139,1
2012,3,______ ___,Central region,11,_______,Male,9127,1
2012,3,______ ___,Central region,12,_______,Female,7012,1
2012,341,___,Tuv,1,____,Total,2502,141
2012,341,___,Tuv,11,_______,Male,1437,141
2012,341,___,Tuv,12,_______,Female,1065,141
2012,342,__________,Govisumber,1,____,Total,512,142
2012,342,__________,Govisumber,11,_______,Male,270,142
2012,342,__________,Govisumber,12,_______,Female,242,142
2012,343,_______,Selenge,1,____,Total,4252,143
2012,343,_______,Selenge,11,_______,Male,2392,143
2012,343,_______,Selenge,12,_______,Female,1860,143
2012,344,_________,Dornogovi,1,____,Total,2030,144
2012,344,_________,Dornogovi,11,_______,Male,1208,144
2012,344,_________,Dornogovi,12,_______,Female,822,144
2012,345,______-___,Darkhan-Uul,1,____,Total,3515,145
2012,345,______-___,Darkhan-Uul,11,_______,Male,1982,145
2012,345,______-___,Darkhan-Uul,12,_______,Female,1533,145
2012,346,________,Umnugovi,1,____,Total,1415,146
2012,346,________,Umnugovi,11,_______,Male,794,146
2012,346,________,Umnugovi,12,_______,Female,621,146
2012,348,________,Dundgovi,1,____,Total,1913,148
2012,348,________,Dundgovi,11,_______,Male,1044,148
2012,348,________,Dundgovi,12,_______,Female,869,148
2012,4,____ ___,Eastern region,1,____,Total,9384,1
2012,4,____ ___,Eastern region,11,_______,Male,5356,1
2012,4,____ ___,Eastern region,12,_______,Female,4028,1
2012,421,______,Dornod,1,____,Total,3695,121
2012,421,______,Dornod,11,_______,Male,2079,121
2012,421,______,Dornod,12,_______,Female,1616,121
2012,422,_________,Sukhbaatar,1,____,Total,2599,122
2012,422,_________,Sukhbaatar,11,_______,Male,1427,122
2012,422,_________,Sukhbaatar,12,_______,Female,1172,122
2012,423,______,Khentii,1,____,Total,3090,123
2012,423,______,Khentii,11,_______,Male,1850,123
2012,423,______,Khentii,12,_______,Female,1240,123
2012,5,___________,Ulaanbaatar,1,____,Total,30025,1
2012,5,___________,Ulaanbaatar,11,_______,Male,15595,1
2012,5,___________,Ulaanbaatar,12,_______,Female,14430,1
2012,511,___________,Ulaanbaatar,1,____,Total,30025,111
2012,511,___________,Ulaanbaatar,11,_______,Male,15595,111
2012,511,___________,Ulaanbaatar,12,_______,Female,14430,111
2011,0,_____ ___,Total,1,____,Total,86865,1
2011,0,_____ ___,Total,11,_______,Male,46965,1
2011,0,_____ ___,Total,12,_______,Female,39900,1
2011,1,____,Total,1,______ ___,Western region,14837,1
2011,1,______ ___,Western region,1,____,Total,14837,1
2011,1,______ ___,Western region,11,_______,Male,7908,1
2011,1,______ ___,Western region,12,_______,Female,6929,1
2011,181,______,Zavkhan,1,____,Total,3531,181
2011,181,______,Zavkhan,11,_______,Male,1861,181
2011,181,______,Zavkhan,12,_______,Female,1670,181
2011,182,____-_____,Govi-Altai,1,____,Total,1641,182
2011,182,____-_____,Govi-Altai,11,_______,Male,886,182
2011,182,____-_____,Govi-Altai,12,_______,Female,755,182
2011,183,____-_____,Bayan-Ulgii,1,____,Total,4218,183
2011,183,____-_____,Bayan-Ulgii,11,_______,Male,2187,183
2011,183,____-_____,Bayan-Ulgii,12,_______,Female,2031,183
2011,184,____,Khovd,1,____,Total,2670,184
2011,184,____,Khovd,11,_______,Male,1440,184
2011,184,____,Khovd,12,_______,Female,1230,184
2011,185,___,Uvs,1,____,Total,2777,185
2011,185,___,Uvs,11,_______,Male,1534,185
2011,185,___,Uvs,12,_______,Female,1243,185
2011,2,_______ ___,Khangai region,1,____,Total,20728,1
2011,2,_______ ___,Khangai region,11,_______,Male,11040,1
2011,2,_______ ___,Khangai region,12,_______,Female,9688,1
2011,261,_____,Orkhon,1,____,Total,3094,161
2011,261,_____,Orkhon,11,_______,Male,1737,161
2011,261,_____,Orkhon,12,_______,Female,1357,161
2011,262,__________,Uvurkhangai,1,____,Total,3986,162
2011,262,__________,Uvurkhangai,11,_______,Male,2152,162
2011,262,__________,Uvurkhangai,12,_______,Female,1834,162
2011,263,______,Bulgan,1,____,Total,2214,163
2011,263,______,Bulgan,11,_______,Male,1256,163
2011,263,______,Bulgan,12,_______,Female,958,163
2011,264,__________,Bayankhongor,1,____,Total,3208,164
2011,264,__________,Bayankhongor,11,_______,Male,1736,164
2011,264,__________,Bayankhongor,12,_______,Female,1472,164
2011,265,________,Arkhangai,1,____,Total,3419,165
2011,265,________,Arkhangai,11,_______,Male,1758,165
2011,265,________,Arkhangai,12,_______,Female,1661,165
2011,267,_______,Khuvsgul,1,____,Total,4807,167
2011,267,_______,Khuvsgul,11,_______,Male,2401,167
2011,267,_______,Khuvsgul,12,_______,Female,2406,167
2011,3,______ ___,Central region,1,____,Total,15803,1
2011,3,______ ___,Central region,11,_______,Male,9050,1
2011,3,______ ___,Central region,12,_______,Female,6753,1
2011,341,___,Tuv,1,____,Total,2739,141
2011,341,___,Tuv,11,_______,Male,1646,141
2011,341,___,Tuv,12,_______,Female,1093,141
2011,342,__________,Govisumber,1,____,Total,493,142
2011,342,__________,Govisumber,11,_______,Male,260,142
2011,342,__________,Govisumber,12,_______,Female,233,142
2011,343,_______,Selenge,1,____,Total,4392,143
2011,343,_______,Selenge,11,_______,Male,2435,143
2011,343,_______,Selenge,12,_______,Female,1957,143
2011,344,_________,Dornogovi,1,____,Total,1858,144
2011,344,_________,Dornogovi,11,_______,Male,1066,144
2011,344,_________,Dornogovi,12,_______,Female,792,144
2011,345,______-___,Darkhan-Uul,1,____,Total,3097,145
2011,345,______-___,Darkhan-Uul,11,_______,Male,1877,145
2011,345,______-___,Darkhan-Uul,12,_______,Female,1220,145
2011,346,________,Umnugovi,1,____,Total,1399,146
2011,346,________,Umnugovi,11,_______,Male,742,146
2011,346,________,Umnugovi,12,_______,Female,657,146
2011,348,________,Dundgovi,1,____,Total,1825,148
2011,348,________,Dundgovi,11,_______,Male,1024,148
2011,348,________,Dundgovi,12,_______,Female,801,148
2011,4,____ ___,Eastern region,1,____,Total,8542,1
2011,4,____ ___,Eastern region,11,_______,Male,4760,1
2011,4,____ ___,Eastern region,12,_______,Female,3782,1
2011,421,______,Dornod,1,____,Total,3611,121
2011,421,______,Dornod,11,_______,Male,1966,121
2011,421,______,Dornod,12,_______,Female,1645,121
2011,422,_________,Sukhbaatar,1,____,Total,2516,122
2011,422,_________,Sukhbaatar,11,_______,Male,1401,122
2011,422,_________,Sukhbaatar,12,_______,Female,1115,122
2011,423,______,Khentii,1,____,Total,2415,123
2011,423,______,Khentii,11,_______,Male,1393,123
2011,423,______,Khentii,12,_______,Female,1022,123
2011,5,___________,Ulaanbaatar,1,____,Total,26955,1
2011,5,___________,Ulaanbaatar,11,_______,Male,14207,1
2011,5,___________,Ulaanbaatar,12,_______,Female,12748,1
2011,511,___________,Ulaanbaatar,1,____,Total,26955,111
2011,511,___________,Ulaanbaatar,11,_______,Male,14207,111
2011,511,___________,Ulaanbaatar,12,_______,Female,12748,111
2010,0,_____ ___,Total,1,____,Total,82631,1
2010,0,_____ ___,Total,11,_______,Male,44697,1
2010,0,_____ ___,Total,12,_______,Female,37934,1
2010,1,____,Total,1,______ ___,Western region,13962,1
2010,1,______ ___,Western region,1,____,Total,13962,1
2010,1,______ ___,Western region,11,_______,Male,7298,1
2010,1,______ ___,Western region,12,_______,Female,6664,1
2010,181,______,Zavkhan,1,____,Total,3170,181
2010,181,______,Zavkhan,11,_______,Male,1665,181
2010,181,______,Zavkhan,12,_______,Female,1505,181
2010,182,____-_____,Govi-Altai,1,____,Total,1445,182
2010,182,____-_____,Govi-Altai,11,_______,Male,752,182
2010,182,____-_____,Govi-Altai,12,_______,Female,693,182
2010,183,____-_____,Bayan-Ulgii,1,____,Total,4149,183
2010,183,____-_____,Bayan-Ulgii,11,_______,Male,2102,183
2010,183,____-_____,Bayan-Ulgii,12,_______,Female,2047,183
2010,184,____,Khovd,1,____,Total,2443,184
2010,184,____,Khovd,11,_______,Male,1312,184
2010,184,____,Khovd,12,_______,Female,1131,184
2010,185,___,Uvs,1,____,Total,2755,185
2010,185,___,Uvs,11,_______,Male,1467,185
2010,185,___,Uvs,12,_______,Female,1288,185
2010,2,_______ ___,Khangai region,1,____,Total,19787,1
2010,2,_______ ___,Khangai region,11,_______,Male,10635,1
2010,2,_______ ___,Khangai region,12,_______,Female,9152,1
2010,261,_____,Orkhon,1,____,Total,2558,161
2010,261,_____,Orkhon,11,_______,Male,1449,161
2010,261,_____,Orkhon,12,_______,Female,1109,161
2010,262,__________,Uvurkhangai,1,____,Total,3746,162
2010,262,__________,Uvurkhangai,11,_______,Male,1996,162
2010,262,__________,Uvurkhangai,12,_______,Female,1750,162
2010,263,______,Bulgan,1,____,Total,2162,163
2010,263,______,Bulgan,11,_______,Male,1227,163
2010,263,______,Bulgan,12,_______,Female,935,163
2010,264,__________,Bayankhongor,1,____,Total,3141,164
2010,264,__________,Bayankhongor,11,_______,Male,1723,164
2010,264,__________,Bayankhongor,12,_______,Female,1418,164
2010,265,________,Arkhangai,1,____,Total,3419,165
2010,265,________,Arkhangai,11,_______,Male,1822,165
2010,265,________,Arkhangai,12,_______,Female,1597,165
2010,267,_______,Khuvsgul,1,____,Total,4761,167
2010,267,_______,Khuvsgul,11,_______,Male,2418,167
2010,267,_______,Khuvsgul,12,_______,Female,2343,167
2010,3,______ ___,Central region,1,____,Total,14977,1
2010,3,______ ___,Central region,11,_______,Male,8508,1
2010,3,______ ___,Central region,12,_______,Female,6469,1
2010,341,___,Tuv,1,____,Total,2797,141
2010,341,___,Tuv,11,_______,Male,1706,141
2010,341,___,Tuv,12,_______,Female,1091,141
2010,342,__________,Govisumber,1,____,Total,406,142
2010,342,__________,Govisumber,11,_______,Male,222,142
2010,342,__________,Govisumber,12,_______,Female,184,142
2010,343,_______,Selenge,1,____,Total,4004,143
2010,343,_______,Selenge,11,_______,Male,2088,143
2010,343,_______,Selenge,12,_______,Female,1916,143
2010,344,_________,Dornogovi,1,____,Total,1812,144
2010,344,_________,Dornogovi,11,_______,Male,1040,144
2010,344,_________,Dornogovi,12,_______,Female,772,144
2010,345,______-___,Darkhan-Uul,1,____,Total,2849,145
2010,345,______-___,Darkhan-Uul,11,_______,Male,1714,145
2010,345,______-___,Darkhan-Uul,12,_______,Female,1135,145
2010,346,________,Umnugovi,1,____,Total,1214,146
2010,346,________,Umnugovi,11,_______,Male,676,146
2010,346,________,Umnugovi,12,_______,Female,538,146
2010,348,________,Dundgovi,1,____,Total,1895,148
2010,348,________,Dundgovi,11,_______,Male,1062,148
2010,348,________,Dundgovi,12,_______,Female,833,148
2010,4,____ ___,Eastern region,1,____,Total,8751,1
2010,4,____ ___,Eastern region,11,_______,Male,4958,1
2010,4,____ ___,Eastern region,12,_______,Female,3793,1
2010,421,______,Dornod,1,____,Total,3518,121
2010,421,______,Dornod,11,_______,Male,1914,121
2010,421,______,Dornod,12,_______,Female,1604,121
2010,422,_________,Sukhbaatar,1,____,Total,2248,122
2010,422,_________,Sukhbaatar,11,_______,Male,1308,122
2010,422,_________,Sukhbaatar,12,_______,Female,940,122
2010,423,______,Khentii,1,____,Total,2985,123
2010,423,______,Khentii,11,_______,Male,1736,123
2010,423,______,Khentii,12,_______,Female,1249,123
2010,5,___________,Ulaanbaatar,1,____,Total,25154,1
2010,5,___________,Ulaanbaatar,11,_______,Male,13298,1
2010,5,___________,Ulaanbaatar,12,_______,Female,11856,1
2010,511,___________,Ulaanbaatar,1,____,Total,25154,111
2010,511,___________,Ulaanbaatar,11,_______,Male,13298,111
2010,511,___________,Ulaanbaatar,12,_______,Female,11856,111
2009,0,_____ ___,Total,1,____,Total,80796,1
2009,0,_____ ___,Total,11,_______,Male,43717,1
2009,0,_____ ___,Total,12,_______,Female,37079,1
2009,1,______ ___,Western region,1,____,Total,15069,1
2009,1,____,Total,1,______ ___,Western region,15069,1
2009,1,______ ___,Western region,11,_______,Male,7940,1
2009,1,______ ___,Western region,12,_______,Female,7129,1
2009,181,______,Zavkhan,1,____,Total,3477,181
2009,181,______,Zavkhan,11,_______,Male,1863,181
2009,181,______,Zavkhan,12,_______,Female,1614,181
2009,182,____-_____,Govi-Altai,1,____,Total,1582,182
2009,182,____-_____,Govi-Altai,11,_______,Male,772,182
2009,182,____-_____,Govi-Altai,12,_______,Female,810,182
2009,183,____-_____,Bayan-Ulgii,1,____,Total,4396,183
2009,183,____-_____,Bayan-Ulgii,11,_______,Male,2176,183
2009,183,____-_____,Bayan-Ulgii,12,_______,Female,2220,183
2009,184,____,Khovd,1,____,Total,2882,184
2009,184,____,Khovd,11,_______,Male,1541,184
2009,184,____,Khovd,12,_______,Female,1341,184
2009,185,___,Uvs,1,____,Total,2732,185
2009,185,___,Uvs,11,_______,Male,1588,185
2009,185,___,Uvs,12,_______,Female,1144,185
2009,2,_______ ___,Khangai region,1,____,Total,19642,1
2009,2,_______ ___,Khangai region,11,_______,Male,10691,1
2009,2,_______ ___,Khangai region,12,_______,Female,8951,1
2009,261,_____,Orkhon,1,____,Total,2420,161
2009,261,_____,Orkhon,11,_______,Male,1379,161
2009,261,_____,Orkhon,12,_______,Female,1041,161
2009,262,__________,Uvurkhangai,1,____,Total,4027,162
2009,262,__________,Uvurkhangai,11,_______,Male,2221,162
2009,262,__________,Uvurkhangai,12,_______,Female,1806,162
2009,263,______,Bulgan,1,____,Total,2273,163
2009,263,______,Bulgan,11,_______,Male,1252,163
2009,263,______,Bulgan,12,_______,Female,1021,163
2009,264,__________,Bayankhongor,1,____,Total,3039,164
2009,264,__________,Bayankhongor,11,_______,Male,1633,164
2009,264,__________,Bayankhongor,12,_______,Female,1406,164
2009,265,________,Arkhangai,1,____,Total,3373,165
2009,265,________,Arkhangai,11,_______,Male,1819,165
2009,265,________,Arkhangai,12,_______,Female,1554,165
2009,267,_______,Khuvsgul,1,____,Total,4510,167
2009,267,_______,Khuvsgul,11,_______,Male,2387,167
2009,267,_______,Khuvsgul,12,_______,Female,2123,167
2009,3,______ ___,Central region,1,____,Total,14369,1
2009,3,______ ___,Central region,11,_______,Male,8090,1
2009,3,______ ___,Central region,12,_______,Female,6279,1
2009,341,___,Tuv,1,____,Total,2694,141
2009,341,___,Tuv,11,_______,Male,1584,141
2009,341,___,Tuv,12,_______,Female,1110,141
2009,342,__________,Govisumber,1,____,Total,450,142
2009,342,__________,Govisumber,11,_______,Male,262,142
2009,342,__________,Govisumber,12,_______,Female,188,142
2009,343,_______,Selenge,1,____,Total,3837,143
2009,343,_______,Selenge,11,_______,Male,1985,143
2009,343,_______,Selenge,12,_______,Female,1852,143
2009,344,_________,Dornogovi,1,____,Total,1823,144
2009,344,_________,Dornogovi,11,_______,Male,1049,144
2009,344,_________,Dornogovi,12,_______,Female,774,144
2009,345,______-___,Darkhan-Uul,1,____,Total,2569,145
2009,345,______-___,Darkhan-Uul,11,_______,Male,1494,145
2009,345,______-___,Darkhan-Uul,12,_______,Female,1075,145
2009,346,________,Umnugovi,1,____,Total,1117,146
2009,346,________,Umnugovi,11,_______,Male,621,146
2009,346,________,Umnugovi,12,_______,Female,496,146
2009,348,________,Dundgovi,1,____,Total,1879,148
2009,348,________,Dundgovi,11,_______,Male,1095,148
2009,348,________,Dundgovi,12,_______,Female,784,148
2009,4,____ ___,Eastern region,1,____,Total,8940,1
2009,4,____ ___,Eastern region,11,_______,Male,5055,1
2009,4,____ ___,Eastern region,12,_______,Female,3885,1
2009,421,______,Dornod,1,____,Total,3492,121
2009,421,______,Dornod,11,_______,Male,1893,121
2009,421,______,Dornod,12,_______,Female,1599,121
2009,422,_________,Sukhbaatar,1,____,Total,2220,122
2009,422,_________,Sukhbaatar,11,_______,Male,1273,122
2009,422,_________,Sukhbaatar,12,_______,Female,947,122
2009,423,______,Khentii,1,____,Total,3228,123
2009,423,______,Khentii,11,_______,Male,1889,123
2009,423,______,Khentii,12,_______,Female,1339,123
2009,5,___________,Ulaanbaatar,1,____,Total,22776,1
2009,5,___________,Ulaanbaatar,11,_______,Male,11941,1
2009,5,___________,Ulaanbaatar,12,_______,Female,10835,1
2009,511,___________,Ulaanbaatar,1,____,Total,22776,111
2009,511,___________,Ulaanbaatar,11,_______,Male,11941,111
2009,511,___________,Ulaanbaatar,12,_______,Female,10835,111
2008,0,_____ ___,Total,1,____,Total,76369,1
2008,0,_____ ___,Total,11,_______,Male,41177,1
2008,0,_____ ___,Total,12,_______,Female,35192,1
2008,1,______ ___,Western region,1,____,Total,14022,1
2008,1,____,Total,1,______ ___,Western region,14022,1
2008,1,______ ___,Western region,11,_______,Male,7283,1
2008,1,______ ___,Western region,12,_______,Female,6739,1
2008,181,______,Zavkhan,1,____,Total,3323,181
2008,181,______,Zavkhan,11,_______,Male,1731,181
2008,181,______,Zavkhan,12,_______,Female,1592,181
2008,182,____-_____,Govi-Altai,1,____,Total,1628,182
2008,182,____-_____,Govi-Altai,11,_______,Male,851,182
2008,182,____-_____,Govi-Altai,12,_______,Female,777,182
2008,183,____-_____,Bayan-Ulgii,1,____,Total,3796,183
2008,183,____-_____,Bayan-Ulgii,11,_______,Male,2016,183
2008,183,____-_____,Bayan-Ulgii,12,_______,Female,1780,183
2008,184,____,Khovd,1,____,Total,2667,184
2008,184,____,Khovd,11,_______,Male,1292,184
2008,184,____,Khovd,12,_______,Female,1375,184
2008,185,___,Uvs,1,____,Total,2608,185
2008,185,___,Uvs,11,_______,Male,1393,185
2008,185,___,Uvs,12,_______,Female,1215,185
2008,2,_______ ___,Khangai region,1,____,Total,18874,1
2008,2,_______ ___,Khangai region,11,_______,Male,10338,1
2008,2,_______ ___,Khangai region,12,_______,Female,8536,1
2008,261,_____,Orkhon,1,____,Total,2139,161
2008,261,_____,Orkhon,11,_______,Male,1162,161
2008,261,_____,Orkhon,12,_______,Female,977,161
2008,262,__________,Uvurkhangai,1,____,Total,3604,162
2008,262,__________,Uvurkhangai,11,_______,Male,1980,162
2008,262,__________,Uvurkhangai,12,_______,Female,1624,162
2008,263,______,Bulgan,1,____,Total,2258,163
2008,263,______,Bulgan,11,_______,Male,1269,163
2008,263,______,Bulgan,12,_______,Female,989,163
2008,264,__________,Bayankhongor,1,____,Total,3161,164
2008,264,__________,Bayankhongor,11,_______,Male,1739,164
2008,264,__________,Bayankhongor,12,_______,Female,1422,164
2008,265,________,Arkhangai,1,____,Total,3391,165
2008,265,________,Arkhangai,11,_______,Male,1891,165
2008,265,________,Arkhangai,12,_______,Female,1500,165
2008,267,_______,Khuvsgul,1,____,Total,4321,167
2008,267,_______,Khuvsgul,11,_______,Male,2297,167
2008,267,_______,Khuvsgul,12,_______,Female,2024,167
2008,3,______ ___,Central region,1,____,Total,14039,1
2008,3,______ ___,Central region,11,_______,Male,7652,1
2008,3,______ ___,Central region,12,_______,Female,6387,1
2008,341,___,Tuv,1,____,Total,2778,141
2008,341,___,Tuv,11,_______,Male,1516,141
2008,341,___,Tuv,12,_______,Female,1262,141
2008,342,__________,Govisumber,1,____,Total,407,142
2008,342,__________,Govisumber,11,_______,Male,234,142
2008,342,__________,Govisumber,12,_______,Female,173,142
2008,343,_______,Selenge,1,____,Total,3710,143
2008,343,_______,Selenge,11,_______,Male,1982,143
2008,343,_______,Selenge,12,_______,Female,1728,143
2008,344,_________,Dornogovi,1,____,Total,1595,144
2008,344,_________,Dornogovi,11,_______,Male,969,144
2008,344,_________,Dornogovi,12,_______,Female,626,144
2008,345,______-___,Darkhan-Uul,1,____,Total,2537,145
2008,345,______-___,Darkhan-Uul,11,_______,Male,1395,145
2008,345,______-___,Darkhan-Uul,12,_______,Female,1142,145
2008,346,________,Umnugovi,1,____,Total,1000,146
2008,346,________,Umnugovi,11,_______,Male,526,146
2008,346,________,Umnugovi,12,_______,Female,474,146
2008,348,________,Dundgovi,1,____,Total,2012,148
2008,348,________,Dundgovi,11,_______,Male,1030,148
2008,348,________,Dundgovi,12,_______,Female,982,148
2008,4,____ ___,Eastern region,1,____,Total,8372,1
2008,4,____ ___,Eastern region,11,_______,Male,4755,1
2008,4,____ ___,Eastern region,12,_______,Female,3617,1
2008,421,______,Dornod,1,____,Total,3578,121
2008,421,______,Dornod,11,_______,Male,1949,121
2008,421,______,Dornod,12,_______,Female,1629,121
2008,422,_________,Sukhbaatar,1,____,Total,1993,122
2008,422,_________,Sukhbaatar,11,_______,Male,1144,122
2008,422,_________,Sukhbaatar,12,_______,Female,849,122
2008,423,______,Khentii,1,____,Total,2801,123
2008,423,______,Khentii,11,_______,Male,1662,123
2008,423,______,Khentii,12,_______,Female,1139,123
2008,5,___________,Ulaanbaatar,1,____,Total,21062,1
2008,5,___________,Ulaanbaatar,11,_______,Male,11149,1
2008,5,___________,Ulaanbaatar,12,_______,Female,9913,1
2008,511,___________,Ulaanbaatar,1,____,Total,21062,111
2008,511,___________,Ulaanbaatar,11,_______,Male,11149,111
2008,511,___________,Ulaanbaatar,12,_______,Female,9913,111
2007,0,_____ ___,Total,1,____,Total,71908,1
2007,0,_____ ___,Total,11,_______,Male,38907,1
2007,0,_____ ___,Total,12,_______,Female,33001,1
2007,1,______ ___,Western region,1,____,Total,12969,1
2007,1,____,Total,1,______ ___,Western region,12969,1
2007,1,______ ___,Western region,11,_______,Male,6827,1
2007,1,______ ___,Western region,12,_______,Female,6142,1
2007,181,______,Zavkhan,1,____,Total,3355,181
2007,181,______,Zavkhan,11,_______,Male,1801,181
2007,181,______,Zavkhan,12,_______,Female,1554,181
2007,182,____-_____,Govi-Altai,1,____,Total,1560,182
2007,182,____-_____,Govi-Altai,11,_______,Male,768,182
2007,182,____-_____,Govi-Altai,12,_______,Female,792,182
2007,183,____-_____,Bayan-Ulgii,1,____,Total,3541,183
2007,183,____-_____,Bayan-Ulgii,11,_______,Male,1844,183
2007,183,____-_____,Bayan-Ulgii,12,_______,Female,1697,183
2007,184,____,Khovd,1,____,Total,2022,184
2007,184,____,Khovd,11,_______,Male,1054,184
2007,184,____,Khovd,12,_______,Female,968,184
2007,185,___,Uvs,1,____,Total,2491,185
2007,185,___,Uvs,11,_______,Male,1360,185
2007,185,___,Uvs,12,_______,Female,1131,185
2007,2,_______ ___,Khangai region,1,____,Total,18739,1
2007,2,_______ ___,Khangai region,11,_______,Male,9987,1
2007,2,_______ ___,Khangai region,12,_______,Female,8752,1
2007,261,_____,Orkhon,1,____,Total,2073,161
2007,261,_____,Orkhon,11,_______,Male,1150,161
2007,261,_____,Orkhon,12,_______,Female,923,161
2007,262,__________,Uvurkhangai,1,____,Total,3417,162
2007,262,__________,Uvurkhangai,11,_______,Male,1822,162
2007,262,__________,Uvurkhangai,12,_______,Female,1595,162
2007,263,______,Bulgan,1,____,Total,2138,163
2007,263,______,Bulgan,11,_______,Male,1159,163
2007,263,______,Bulgan,12,_______,Female,979,163
2007,264,__________,Bayankhongor,1,____,Total,3055,164
2007,264,__________,Bayankhongor,11,_______,Male,1649,164
2007,264,__________,Bayankhongor,12,_______,Female,1406,164
2007,265,________,Arkhangai,1,____,Total,3530,165
2007,265,________,Arkhangai,11,_______,Male,1891,165
2007,265,________,Arkhangai,12,_______,Female,1639,165
2007,267,_______,Khuvsgul,1,____,Total,4526,167
2007,267,_______,Khuvsgul,11,_______,Male,2316,167
2007,267,_______,Khuvsgul,12,_______,Female,2210,167
2007,3,______ ___,Central region,1,____,Total,13032,1
2007,3,______ ___,Central region,11,_______,Male,7307,1
2007,3,______ ___,Central region,12,_______,Female,5725,1
2007,341,___,Tuv,1,____,Total,2754,141
2007,341,___,Tuv,11,_______,Male,1455,141
2007,341,___,Tuv,12,_______,Female,1299,141
2007,342,__________,Govisumber,1,____,Total,443,142
2007,342,__________,Govisumber,11,_______,Male,249,142
2007,342,__________,Govisumber,12,_______,Female,194,142
2007,343,_______,Selenge,1,____,Total,3541,143
2007,343,_______,Selenge,11,_______,Male,2031,143
2007,343,_______,Selenge,12,_______,Female,1510,143
2007,344,_________,Dornogovi,1,____,Total,1591,144
2007,344,_________,Dornogovi,11,_______,Male,964,144
2007,344,_________,Dornogovi,12,_______,Female,627,144
2007,345,______-___,Darkhan-Uul,1,____,Total,2048,145
2007,345,______-___,Darkhan-Uul,11,_______,Male,1177,145
2007,345,______-___,Darkhan-Uul,12,_______,Female,871,145
2007,346,________,Umnugovi,1,____,Total,943,146
2007,346,________,Umnugovi,11,_______,Male,504,146
2007,346,________,Umnugovi,12,_______,Female,439,146
2007,348,________,Dundgovi,1,____,Total,1712,148
2007,348,________,Dundgovi,11,_______,Male,927,148
2007,348,________,Dundgovi,12,_______,Female,785,148
2007,4,____ ___,Eastern region,1,____,Total,7515,1
2007,4,____ ___,Eastern region,11,_______,Male,4381,1
2007,4,____ ___,Eastern region,12,_______,Female,3134,1
2007,421,______,Dornod,1,____,Total,3264,121
2007,421,______,Dornod,11,_______,Male,1817,121
2007,421,______,Dornod,12,_______,Female,1447,121
2007,422,_________,Sukhbaatar,1,____,Total,1414,122
2007,422,_________,Sukhbaatar,11,_______,Male,839,122
2007,422,_________,Sukhbaatar,12,_______,Female,575,122
2007,423,______,Khentii,1,____,Total,2837,123
2007,423,______,Khentii,11,_______,Male,1725,123
2007,423,______,Khentii,12,_______,Female,1112,123
2007,5,___________,Ulaanbaatar,1,____,Total,19653,1
2007,5,___________,Ulaanbaatar,11,_______,Male,10405,1
2007,5,___________,Ulaanbaatar,12,_______,Female,9248,1
2007,511,___________,Ulaanbaatar,1,____,Total,19653,111
2007,511,___________,Ulaanbaatar,11,_______,Male,10405,111
2007,511,___________,Ulaanbaatar,12,_______,Female,9248,111
2006,0,_____ ___,Total,1,____,Total,71053,1
2006,0,_____ ___,Total,11,_______,Male,38129,1
2006,0,_____ ___,Total,12,_______,Female,32924,1
2006,1,____,Total,1,______ ___,Western region,12710,1
2006,1,______ ___,Western region,1,____,Total,12710,1
2006,1,______ ___,Western region,11,_______,Male,6741,1
2006,1,______ ___,Western region,12,_______,Female,5969,1
2006,181,______,Zavkhan,1,____,Total,3182,181
2006,181,______,Zavkhan,11,_______,Male,1689,181
2006,181,______,Zavkhan,12,_______,Female,1493,181
2006,182,____-_____,Govi-Altai,1,____,Total,1467,182
2006,182,____-_____,Govi-Altai,11,_______,Male,738,182
2006,182,____-_____,Govi-Altai,12,_______,Female,729,182
2006,183,____-_____,Bayan-Ulgii,1,____,Total,3499,183
2006,183,____-_____,Bayan-Ulgii,11,_______,Male,1850,183
2006,183,____-_____,Bayan-Ulgii,12,_______,Female,1649,183
2006,184,____,Khovd,1,____,Total,2113,184
2006,184,____,Khovd,11,_______,Male,1110,184
2006,184,____,Khovd,12,_______,Female,1003,184
2006,185,___,Uvs,1,____,Total,2449,185
2006,185,___,Uvs,11,_______,Male,1354,185
2006,185,___,Uvs,12,_______,Female,1095,185
2006,2,_______ ___,Khangai region,1,____,Total,19636,1
2006,2,_______ ___,Khangai region,11,_______,Male,10558,1
2006,2,_______ ___,Khangai region,12,_______,Female,9078,1
2006,261,_____,Orkhon,1,____,Total,2021,161
2006,261,_____,Orkhon,11,_______,Male,1118,161
2006,261,_____,Orkhon,12,_______,Female,903,161
2006,262,__________,Uvurkhangai,1,____,Total,3469,162
2006,262,__________,Uvurkhangai,11,_______,Male,1819,162
2006,262,__________,Uvurkhangai,12,_______,Female,1650,162
2006,263,______,Bulgan,1,____,Total,2132,163
2006,263,______,Bulgan,11,_______,Male,1157,163
2006,263,______,Bulgan,12,_______,Female,975,163
2006,264,__________,Bayankhongor,1,____,Total,3268,164
2006,264,__________,Bayankhongor,11,_______,Male,1697,164
2006,264,__________,Bayankhongor,12,_______,Female,1571,164
2006,265,________,Arkhangai,1,____,Total,3840,165
2006,265,________,Arkhangai,11,_______,Male,2090,165
2006,265,________,Arkhangai,12,_______,Female,1750,165
2006,267,_______,Khuvsgul,1,____,Total,4906,167
2006,267,_______,Khuvsgul,11,_______,Male,2677,167
2006,267,_______,Khuvsgul,12,_______,Female,2229,167
2006,3,______ ___,Central region,1,____,Total,12376,1
2006,3,______ ___,Central region,11,_______,Male,6877,1
2006,3,______ ___,Central region,12,_______,Female,5499,1
2006,341,___,Tuv,1,____,Total,2749,141
2006,341,___,Tuv,11,_______,Male,1476,141
2006,341,___,Tuv,12,_______,Female,1273,141
2006,342,__________,Govisumber,1,____,Total,409,142
2006,342,__________,Govisumber,11,_______,Male,230,142
2006,342,__________,Govisumber,12,_______,Female,179,142
2006,343,_______,Selenge,1,____,Total,3028,143
2006,343,_______,Selenge,11,_______,Male,1683,143
2006,343,_______,Selenge,12,_______,Female,1345,143
2006,344,_________,Dornogovi,1,____,Total,1489,144
2006,344,_________,Dornogovi,11,_______,Male,883,144
2006,344,_________,Dornogovi,12,_______,Female,606,144
2006,345,______-___,Darkhan-Uul,1,____,Total,1967,145
2006,345,______-___,Darkhan-Uul,11,_______,Male,1127,145
2006,345,______-___,Darkhan-Uul,12,_______,Female,840,145
2006,346,________,Umnugovi,1,____,Total,1105,146
2006,346,________,Umnugovi,11,_______,Male,590,146
2006,346,________,Umnugovi,12,_______,Female,515,146
2006,348,________,Dundgovi,1,____,Total,1629,148
2006,348,________,Dundgovi,11,_______,Male,888,148
2006,348,________,Dundgovi,12,_______,Female,741,148
2006,4,____ ___,Eastern region,1,____,Total,7899,1
2006,4,____ ___,Eastern region,11,_______,Male,4575,1
2006,4,____ ___,Eastern region,12,_______,Female,3324,1
2006,421,______,Dornod,1,____,Total,3399,121
2006,421,______,Dornod,11,_______,Male,1828,121
2006,421,______,Dornod,12,_______,Female,1571,121
2006,422,_________,Sukhbaatar,1,____,Total,1768,122
2006,422,_________,Sukhbaatar,11,_______,Male,1094,122
2006,422,_________,Sukhbaatar,12,_______,Female,674,122
2006,423,______,Khentii,1,____,Total,2732,123
2006,423,______,Khentii,11,_______,Male,1653,123
2006,423,______,Khentii,12,_______,Female,1079,123
2006,5,___________,Ulaanbaatar,1,____,Total,18432,1
2006,5,___________,Ulaanbaatar,11,_______,Male,9378,1
2006,5,___________,Ulaanbaatar,12,_______,Female,9054,1
2006,511,___________,Ulaanbaatar,1,____,Total,18432,111
2006,511,___________,Ulaanbaatar,11,_______,Male,9378,111
2006,511,___________,Ulaanbaatar,12,_______,Female,9054,111
2005,0,_____ ___,Total,1,____,Total,73001,1
2005,0,_____ ___,Total,11,_______,Male,39345,1
2005,0,_____ ___,Total,12,_______,Female,33656,1
2005,1,______ ___,Western region,1,____,Total,13295,1
2005,1,____,Total,1,______ ___,Western region,13295,1
2005,1,______ ___,Western region,11,_______,Male,7120,1
2005,1,______ ___,Western region,12,_______,Female,6175,1
2005,181,______,Zavkhan,1,____,Total,2939,181
2005,181,______,Zavkhan,11,_______,Male,1595,181
2005,181,______,Zavkhan,12,_______,Female,1344,181
2005,182,____-_____,Govi-Altai,1,____,Total,1610,182
2005,182,____-_____,Govi-Altai,11,_______,Male,851,182
2005,182,____-_____,Govi-Altai,12,_______,Female,759,182
2005,183,____-_____,Bayan-Ulgii,1,____,Total,3605,183
2005,183,____-_____,Bayan-Ulgii,11,_______,Male,1918,183
2005,183,____-_____,Bayan-Ulgii,12,_______,Female,1687,183
2005,184,____,Khovd,1,____,Total,2633,184
2005,184,____,Khovd,11,_______,Male,1405,184
2005,184,____,Khovd,12,_______,Female,1228,184
2005,185,___,Uvs,1,____,Total,2508,185
2005,185,___,Uvs,11,_______,Male,1351,185
2005,185,___,Uvs,12,_______,Female,1157,185
2005,2,_______ ___,Khangai region,1,____,Total,20144,1
2005,2,_______ ___,Khangai region,11,_______,Male,10690,1
2005,2,_______ ___,Khangai region,12,_______,Female,9454,1
2005,261,_____,Orkhon,1,____,Total,1879,161
2005,261,_____,Orkhon,11,_______,Male,960,161
2005,261,_____,Orkhon,12,_______,Female,919,161
2005,262,__________,Uvurkhangai,1,____,Total,3603,162
2005,262,__________,Uvurkhangai,11,_______,Male,2005,162
2005,262,__________,Uvurkhangai,12,_______,Female,1598,162
2005,263,______,Bulgan,1,____,Total,2301,163
2005,263,______,Bulgan,11,_______,Male,1292,163
2005,263,______,Bulgan,12,_______,Female,1009,163
2005,264,__________,Bayankhongor,1,____,Total,3146,164
2005,264,__________,Bayankhongor,11,_______,Male,1552,164
2005,264,__________,Bayankhongor,12,_______,Female,1594,164
2005,265,________,Arkhangai,1,____,Total,3912,165
2005,265,________,Arkhangai,11,_______,Male,2195,165
2005,265,________,Arkhangai,12,_______,Female,1717,165
2005,267,_______,Khuvsgul,1,____,Total,5303,167
2005,267,_______,Khuvsgul,11,_______,Male,2686,167
2005,267,_______,Khuvsgul,12,_______,Female,2617,167
2005,3,______ ___,Central region,1,____,Total,13192,1
2005,3,______ ___,Central region,11,_______,Male,7470,1
2005,3,______ ___,Central region,12,_______,Female,5722,1
2005,341,___,Tuv,1,____,Total,3262,141
2005,341,___,Tuv,11,_______,Male,1826,141
2005,341,___,Tuv,12,_______,Female,1436,141
2005,342,__________,Govisumber,1,____,Total,403,142
2005,342,__________,Govisumber,11,_______,Male,235,142
2005,342,__________,Govisumber,12,_______,Female,168,142
2005,343,_______,Selenge,1,____,Total,2731,143
2005,343,_______,Selenge,11,_______,Male,1473,143
2005,343,_______,Selenge,12,_______,Female,1258,143
2005,344,_________,Dornogovi,1,____,Total,1513,144
2005,344,_________,Dornogovi,11,_______,Male,887,144
2005,344,_________,Dornogovi,12,_______,Female,626,144
2005,345,______-___,Darkhan-Uul,1,____,Total,2108,145
2005,345,______-___,Darkhan-Uul,11,_______,Male,1258,145
2005,345,______-___,Darkhan-Uul,12,_______,Female,850,145
2005,346,________,Umnugovi,1,____,Total,1325,146
2005,346,________,Umnugovi,11,_______,Male,738,146
2005,346,________,Umnugovi,12,_______,Female,587,146
2005,348,________,Dundgovi,1,____,Total,1850,148
2005,348,________,Dundgovi,11,_______,Male,1053,148
2005,348,________,Dundgovi,12,_______,Female,797,148
2005,4,____ ___,Eastern region,1,____,Total,7864,1
2005,4,____ ___,Eastern region,11,_______,Male,4430,1
2005,4,____ ___,Eastern region,12,_______,Female,3434,1
2005,421,______,Dornod,1,____,Total,3329,121
2005,421,______,Dornod,11,_______,Male,1748,121
2005,421,______,Dornod,12,_______,Female,1581,121
2005,422,_________,Sukhbaatar,1,____,Total,1882,122
2005,422,_________,Sukhbaatar,11,_______,Male,1096,122
2005,422,_________,Sukhbaatar,12,_______,Female,786,122
2005,423,______,Khentii,1,____,Total,2653,123
2005,423,______,Khentii,11,_______,Male,1586,123
2005,423,______,Khentii,12,_______,Female,1067,123
2005,5,___________,Ulaanbaatar,1,____,Total,18506,1
2005,5,___________,Ulaanbaatar,11,_______,Male,9635,1
2005,5,___________,Ulaanbaatar,12,_______,Female,8871,1
2005,511,___________,Ulaanbaatar,1,____,Total,18506,111
2005,511,___________,Ulaanbaatar,11,_______,Male,9635,111
2005,511,___________,Ulaanbaatar,12,_______,Female,8871,111
2004,0,_____ ___,Total,1,____,Total,66225,1
2004,0,_____ ___,Total,11,_______,Male,35839,1
2004,0,_____ ___,Total,12,_______,Female,30386,1
2004,1,____,Total,1,______ ___,Western region,12820,1
2004,1,______ ___,Western region,1,____,Total,12820,1
2004,1,______ ___,Western region,11,_______,Male,6862,1
2004,1,______ ___,Western region,12,_______,Female,5958,1
2004,181,______,Zavkhan,1,____,Total,2855,181
2004,181,______,Zavkhan,11,_______,Male,1546,181
2004,181,______,Zavkhan,12,_______,Female,1309,181
2004,182,____-_____,Govi-Altai,1,____,Total,1345,182
2004,182,____-_____,Govi-Altai,11,_______,Male,677,182
2004,182,____-_____,Govi-Altai,12,_______,Female,668,182
2004,183,____-_____,Bayan-Ulgii,1,____,Total,3594,183
2004,183,____-_____,Bayan-Ulgii,11,_______,Male,1947,183
2004,183,____-_____,Bayan-Ulgii,12,_______,Female,1647,183
2004,184,____,Khovd,1,____,Total,2442,184
2004,184,____,Khovd,11,_______,Male,1371,184
2004,184,____,Khovd,12,_______,Female,1071,184
2004,185,___,Uvs,1,____,Total,2584,185
2004,185,___,Uvs,11,_______,Male,1321,185
2004,185,___,Uvs,12,_______,Female,1263,185
2004,2,_______ ___,Khangai region,1,____,Total,18207,1
2004,2,_______ ___,Khangai region,11,_______,Male,9622,1
2004,2,_______ ___,Khangai region,12,_______,Female,8585,1
2004,261,_____,Orkhon,1,____,Total,1785,161
2004,261,_____,Orkhon,11,_______,Male,826,161
2004,261,_____,Orkhon,12,_______,Female,959,161
2004,262,__________,Uvurkhangai,1,____,Total,2977,162
2004,262,__________,Uvurkhangai,11,_______,Male,1609,162
2004,262,__________,Uvurkhangai,12,_______,Female,1368,162
2004,263,______,Bulgan,1,____,Total,2006,163
2004,263,______,Bulgan,11,_______,Male,1106,163
2004,263,______,Bulgan,12,_______,Female,900,163
2004,264,__________,Bayankhongor,1,____,Total,2922,164
2004,264,__________,Bayankhongor,11,_______,Male,1519,164
2004,264,__________,Bayankhongor,12,_______,Female,1403,164
2004,265,________,Arkhangai,1,____,Total,3677,165
2004,265,________,Arkhangai,11,_______,Male,2085,165
2004,265,________,Arkhangai,12,_______,Female,1592,165
2004,267,_______,Khuvsgul,1,____,Total,4840,167
2004,267,_______,Khuvsgul,11,_______,Male,2477,167
2004,267,_______,Khuvsgul,12,_______,Female,2363,167
2004,3,______ ___,Central region,1,____,Total,12399,1
2004,3,______ ___,Central region,11,_______,Male,7015,1
2004,3,______ ___,Central region,12,_______,Female,5384,1
2004,341,___,Tuv,1,____,Total,3194,141
2004,341,___,Tuv,11,_______,Male,1744,141
2004,341,___,Tuv,12,_______,Female,1450,141
2004,342,__________,Govisumber,1,____,Total,481,142
2004,342,__________,Govisumber,11,_______,Male,263,142
2004,342,__________,Govisumber,12,_______,Female,218,142
2004,343,_______,Selenge,1,____,Total,2666,143
2004,343,_______,Selenge,11,_______,Male,1434,143
2004,343,_______,Selenge,12,_______,Female,1232,143
2004,344,_________,Dornogovi,1,____,Total,1452,144
2004,344,_________,Dornogovi,11,_______,Male,859,144
2004,344,_________,Dornogovi,12,_______,Female,593,144
2004,345,______-___,Darkhan-Uul,1,____,Total,1717,145
2004,345,______-___,Darkhan-Uul,11,_______,Male,1098,145
2004,345,______-___,Darkhan-Uul,12,_______,Female,619,145
2004,346,________,Umnugovi,1,____,Total,1134,146
2004,346,________,Umnugovi,11,_______,Male,609,146
2004,346,________,Umnugovi,12,_______,Female,525,146
2004,348,________,Dundgovi,1,____,Total,1755,148
2004,348,________,Dundgovi,11,_______,Male,1008,148
2004,348,________,Dundgovi,12,_______,Female,747,148
2004,4,____ ___,Eastern region,1,____,Total,6445,1
2004,4,____ ___,Eastern region,11,_______,Male,3716,1
2004,4,____ ___,Eastern region,12,_______,Female,2729,1
2004,421,______,Dornod,1,____,Total,1617,121
2004,421,______,Dornod,11,_______,Male,860,121
2004,421,______,Dornod,12,_______,Female,757,121
2004,422,_________,Sukhbaatar,1,____,Total,2046,122
2004,422,_________,Sukhbaatar,11,_______,Male,1214,122
2004,422,_________,Sukhbaatar,12,_______,Female,832,122
2004,423,______,Khentii,1,____,Total,2782,123
2004,423,______,Khentii,11,_______,Male,1642,123
2004,423,______,Khentii,12,_______,Female,1140,123
2004,5,___________,Ulaanbaatar,1,____,Total,16354,1
2004,5,___________,Ulaanbaatar,11,_______,Male,8624,1
2004,5,___________,Ulaanbaatar,12,_______,Female,7730,1
2004,511,___________,Ulaanbaatar,1,____,Total,16354,111
2004,511,___________,Ulaanbaatar,11,_______,Male,8624,111
2004,511,___________,Ulaanbaatar,12,_______,Female,7730,111
2003,0,_____ ___,Total,1,____,Total,60435,1
2003,0,_____ ___,Total,11,_______,Male,32446,1
2003,0,_____ ___,Total,12,_______,Female,27989,1
2003,1,______ ___,Western region,1,____,Total,11665,1
2003,1,____,Total,1,______ ___,Western region,11665,1
2003,1,______ ___,Western region,11,_______,Male,6018,1
2003,1,______ ___,Western region,12,_______,Female,5647,1
2003,181,______,Zavkhan,1,____,Total,2562,181
2003,181,______,Zavkhan,11,_______,Male,1308,181
2003,181,______,Zavkhan,12,_______,Female,1254,181
2003,182,____-_____,Govi-Altai,1,____,Total,1345,182
2003,182,____-_____,Govi-Altai,11,_______,Male,649,182
2003,182,____-_____,Govi-Altai,12,_______,Female,696,182
2003,183,____-_____,Bayan-Ulgii,1,____,Total,3867,183
2003,183,____-_____,Bayan-Ulgii,11,_______,Male,2048,183
2003,183,____-_____,Bayan-Ulgii,12,_______,Female,1819,183
2003,184,____,Khovd,1,____,Total,1879,184
2003,184,____,Khovd,11,_______,Male,913,184
2003,184,____,Khovd,12,_______,Female,966,184
2003,185,___,Uvs,1,____,Total,2012,185
2003,185,___,Uvs,11,_______,Male,1100,185
2003,185,___,Uvs,12,_______,Female,912,185
2003,2,_______ ___,Khangai region,1,____,Total,16608,1
2003,2,_______ ___,Khangai region,11,_______,Male,8838,1
2003,2,_______ ___,Khangai region,12,_______,Female,7770,1
2003,261,_____,Orkhon,1,____,Total,1657,161
2003,261,_____,Orkhon,11,_______,Male,979,161
2003,261,_____,Orkhon,12,_______,Female,678,161
2003,262,__________,Uvurkhangai,1,____,Total,2869,162
2003,262,__________,Uvurkhangai,11,_______,Male,1515,162
2003,262,__________,Uvurkhangai,12,_______,Female,1354,162
2003,263,______,Bulgan,1,____,Total,2031,163
2003,263,______,Bulgan,11,_______,Male,1234,163
2003,263,______,Bulgan,12,_______,Female,797,163
2003,264,__________,Bayankhongor,1,____,Total,2854,164
2003,264,__________,Bayankhongor,11,_______,Male,1505,164
2003,264,__________,Bayankhongor,12,_______,Female,1349,164
2003,265,________,Arkhangai,1,____,Total,2956,165
2003,265,________,Arkhangai,11,_______,Male,1441,165
2003,265,________,Arkhangai,12,_______,Female,1515,165
2003,267,_______,Khuvsgul,1,____,Total,4241,167
2003,267,_______,Khuvsgul,11,_______,Male,2164,167
2003,267,_______,Khuvsgul,12,_______,Female,2077,167
2003,3,______ ___,Central region,1,____,Total,9342,1
2003,3,______ ___,Central region,11,_______,Male,5150,1
2003,3,______ ___,Central region,12,_______,Female,4192,1
2003,341,___,Tuv,1,____,Total,2434,141
2003,341,___,Tuv,11,_______,Male,1340,141
2003,341,___,Tuv,12,_______,Female,1094,141
2003,342,__________,Govisumber,1,____,Total,293,142
2003,342,__________,Govisumber,11,_______,Male,158,142
2003,342,__________,Govisumber,12,_______,Female,135,142
2003,343,_______,Selenge,1,____,Total,1732,143
2003,343,_______,Selenge,11,_______,Male,952,143
2003,343,_______,Selenge,12,_______,Female,780,143
2003,344,_________,Dornogovi,1,____,Total,1119,144
2003,344,_________,Dornogovi,11,_______,Male,668,144
2003,344,_________,Dornogovi,12,_______,Female,451,144
2003,345,______-___,Darkhan-Uul,1,____,Total,1467,145
2003,345,______-___,Darkhan-Uul,11,_______,Male,780,145
2003,345,______-___,Darkhan-Uul,12,_______,Female,687,145
2003,346,________,Umnugovi,1,____,Total,786,146
2003,346,________,Umnugovi,11,_______,Male,433,146
2003,346,________,Umnugovi,12,_______,Female,353,146
2003,348,________,Dundgovi,1,____,Total,1511,148
2003,348,________,Dundgovi,11,_______,Male,819,148
2003,348,________,Dundgovi,12,_______,Female,692,148
2003,4,____ ___,Eastern region,1,____,Total,7135,1
2003,4,____ ___,Eastern region,11,_______,Male,4143,1
2003,4,____ ___,Eastern region,12,_______,Female,2992,1
2003,421,______,Dornod,1,____,Total,3242,121
2003,421,______,Dornod,11,_______,Male,1786,121
2003,421,______,Dornod,12,_______,Female,1456,121
2003,422,_________,Sukhbaatar,1,____,Total,1472,122
2003,422,_________,Sukhbaatar,11,_______,Male,875,122
2003,422,_________,Sukhbaatar,12,_______,Female,597,122
2003,423,______,Khentii,1,____,Total,2421,123
2003,423,______,Khentii,11,_______,Male,1482,123
2003,423,______,Khentii,12,_______,Female,939,123
2003,5,___________,Ulaanbaatar,1,____,Total,15685,1
2003,5,___________,Ulaanbaatar,11,_______,Male,8297,1
2003,5,___________,Ulaanbaatar,12,_______,Female,7388,1
2003,511,___________,Ulaanbaatar,1,____,Total,15685,111
2003,511,___________,Ulaanbaatar,11,_______,Male,8297,111
2003,511,___________,Ulaanbaatar,12,_______,Female,7388,111
