CODE,Аймаг,Aimag,Сум,Soum,ургац,Crop,Year1
CODE,Аймаг,Aimag,Сум,Soum,ургац,Crop,2019
18101,Завхан,Zavkhan,Улиастай,Uliastai,Тэжээлийн ургамал,Fodder crops,90
18101,Завхан,Zavkhan,Улиастай,Uliastai,"Бэлтгэсэн өвс, хадлан",Hay harvest,667.5
18104,Завхан,Zavkhan,Алдархаан,Aldarkhaan,Тэжээлийн ургамал,Fodder crops,68
18104,Завхан,Zavkhan,Алдархаан,Aldarkhaan,"Бэлтгэсэн өвс, хадлан",Hay harvest,2876
18104,Завхан,Zavkhan,Алдархаан,Aldarkhaan,Гар тэжээл,Handmade fodder,2
18104,Завхан,Zavkhan,Алдархаан,Aldarkhaan,Хужир шүү,Mineral fodder,257.9
18107,Завхан,Zavkhan,Асгат,Asgat,Тэжээлийн ургамал,Fodder crops,656
18107,Завхан,Zavkhan,Асгат,Asgat,"Бэлтгэсэн өвс, хадлан",Hay harvest,1481.5
18107,Завхан,Zavkhan,Асгат,Asgat,Гар тэжээл,Handmade fodder,0
18107,Завхан,Zavkhan,Асгат,Asgat,Хужир шүү,Mineral fodder,204.6
18110,Завхан,Zavkhan,Баянтэс,Bayantes,Тэжээлийн ургамал,Fodder crops,48
18110,Завхан,Zavkhan,Баянтэс,Bayantes,"Бэлтгэсэн өвс, хадлан",Hay harvest,2512
18110,Завхан,Zavkhan,Баянтэс,Bayantes,Хужир шүү,Mineral fodder,165.9
18113,Завхан,Zavkhan,Баянхайрхан,Bayankhairkhan,"Бэлтгэсэн өвс, хадлан",Hay harvest,557
18113,Завхан,Zavkhan,Баянхайрхан,Bayankhairkhan,Гар тэжээл,Handmade fodder,12.3
18113,Завхан,Zavkhan,Баянхайрхан,Bayankhairkhan,Хужир шүү,Mineral fodder,307
18116,Завхан,Zavkhan,Дөрвөлжин,Durvuljin,"Бэлтгэсэн өвс, хадлан",Hay harvest,114
18116,Завхан,Zavkhan,Дөрвөлжин,Durvuljin,Хужир шүү,Mineral fodder,113
18119,Завхан,Zavkhan,Завханмандал,Zavkhanmandal,"Бэлтгэсэн өвс, хадлан",Hay harvest,91.5
18119,Завхан,Zavkhan,Завханмандал,Zavkhanmandal,Гар тэжээл,Handmade fodder,15.3
18119,Завхан,Zavkhan,Завханмандал,Zavkhanmandal,Хужир шүү,Mineral fodder,14
18122,Завхан,Zavkhan,Идэр,Ider,Тэжээлийн ургамал,Fodder crops,108
18122,Завхан,Zavkhan,Идэр,Ider,"Бэлтгэсэн өвс, хадлан",Hay harvest,354
18122,Завхан,Zavkhan,Идэр,Ider,Гар тэжээл,Handmade fodder,0.322
18122,Завхан,Zavkhan,Идэр,Ider,Хужир шүү,Mineral fodder,30.6
18125,Завхан,Zavkhan,Их-Уул,Ikh-Uul,Тэжээлийн ургамал,Fodder crops,26
18125,Завхан,Zavkhan,Их-Уул,Ikh-Uul,"Бэлтгэсэн өвс, хадлан",Hay harvest,588.5
18125,Завхан,Zavkhan,Их-Уул,Ikh-Uul,Гар тэжээл,Handmade fodder,6
18125,Завхан,Zavkhan,Их-Уул,Ikh-Uul,Хужир шүү,Mineral fodder,43
18128,Завхан,Zavkhan,Нөмрөг,Numrug,Тэжээлийн ургамал,Fodder crops,90
18128,Завхан,Zavkhan,Нөмрөг,Numrug,"Бэлтгэсэн өвс, хадлан",Hay harvest,1032.1
18128,Завхан,Zavkhan,Нөмрөг,Numrug,Гар тэжээл,Handmade fodder,18
18128,Завхан,Zavkhan,Нөмрөг,Numrug,Хужир шүү,Mineral fodder,81.1
18131,Завхан,Zavkhan,Отгон,Otgon,Тэжээлийн ургамал,Fodder crops,24
18131,Завхан,Zavkhan,Отгон,Otgon,"Бэлтгэсэн өвс, хадлан",Hay harvest,138.5
18131,Завхан,Zavkhan,Отгон,Otgon,Гар тэжээл,Handmade fodder,0.3
18134,Завхан,Zavkhan,Сантмаргац,Santmargats,Тэжээлийн ургамал,Fodder crops,12
18134,Завхан,Zavkhan,Сантмаргац,Santmargats,"Бэлтгэсэн өвс, хадлан",Hay harvest,187.4
18134,Завхан,Zavkhan,Сантмаргац,Santmargats,Гар тэжээл,Handmade fodder,10.5
18134,Завхан,Zavkhan,Сантмаргац,Santmargats,Хужир шүү,Mineral fodder,557.2
18137,Завхан,Zavkhan,Сонгино,Songino,Тэжээлийн ургамал,Fodder crops,7.5
18137,Завхан,Zavkhan,Сонгино,Songino,"Бэлтгэсэн өвс, хадлан",Hay harvest,508.5
18137,Завхан,Zavkhan,Сонгино,Songino,Гар тэжээл,Handmade fodder,95.8
18137,Завхан,Zavkhan,Сонгино,Songino,Хужир шүү,Mineral fodder,202.5
18140,Завхан,Zavkhan,Тосонцэнгэл,Tosontsengel,Тэжээлийн ургамал,Fodder crops,177.6
18140,Завхан,Zavkhan,Тосонцэнгэл,Tosontsengel,"Бэлтгэсэн өвс, хадлан",Hay harvest,1148.8
18140,Завхан,Zavkhan,Тосонцэнгэл,Tosontsengel,Гар тэжээл,Handmade fodder,6.5
18140,Завхан,Zavkhan,Тосонцэнгэл,Tosontsengel,Хужир шүү,Mineral fodder,81.1
18143,Завхан,Zavkhan,Түдэвтэй,Tudevtei,Тэжээлийн ургамал,Fodder crops,308
18143,Завхан,Zavkhan,Түдэвтэй,Tudevtei,"Бэлтгэсэн өвс, хадлан",Hay harvest,997
18143,Завхан,Zavkhan,Түдэвтэй,Tudevtei,Гар тэжээл,Handmade fodder,5
18143,Завхан,Zavkhan,Түдэвтэй,Tudevtei,Хужир шүү,Mineral fodder,197
18146,Завхан,Zavkhan,Тэлмэн,Telmen,Тэжээлийн ургамал,Fodder crops,405.5
18146,Завхан,Zavkhan,Тэлмэн,Telmen,"Бэлтгэсэн өвс, хадлан",Hay harvest,2371
18146,Завхан,Zavkhan,Тэлмэн,Telmen,Гар тэжээл,Handmade fodder,18.3
18146,Завхан,Zavkhan,Тэлмэн,Telmen,Хужир шүү,Mineral fodder,396.05
18149,Завхан,Zavkhan,Тэс,Tes,Тэжээлийн ургамал,Fodder crops,165
18149,Завхан,Zavkhan,Тэс,Tes,"Бэлтгэсэн өвс, хадлан",Hay harvest,943.5
18149,Завхан,Zavkhan,Тэс,Tes,Гар тэжээл,Handmade fodder,0.15
18149,Завхан,Zavkhan,Тэс,Tes,Хужир шүү,Mineral fodder,30.15
18152,Завхан,Zavkhan,Ургамал,Urgamal,"Бэлтгэсэн өвс, хадлан",Hay harvest,95.3
18152,Завхан,Zavkhan,Ургамал,Urgamal,Хужир шүү,Mineral fodder,106
18155,Завхан,Zavkhan,Цагаанхайрхан,Tsagaankhairkhan,Тэжээлийн ургамал,Fodder crops,0
18155,Завхан,Zavkhan,Цагаанхайрхан,Tsagaankhairkhan,"Бэлтгэсэн өвс, хадлан",Hay harvest,311.8
18155,Завхан,Zavkhan,Цагаанхайрхан,Tsagaankhairkhan,Гар тэжээл,Handmade fodder,9.54
18155,Завхан,Zavkhan,Цагаанхайрхан,Tsagaankhairkhan,Хужир шүү,Mineral fodder,138.5
18158,Завхан,Zavkhan,Цагаанчулуут,Tsagaanchuluut,Тэжээлийн ургамал,Fodder crops,10
18158,Завхан,Zavkhan,Цагаанчулуут,Tsagaanchuluut,"Бэлтгэсэн өвс, хадлан",Hay harvest,349.5
18158,Завхан,Zavkhan,Цагаанчулуут,Tsagaanchuluut,Гар тэжээл,Handmade fodder,4
18158,Завхан,Zavkhan,Цагаанчулуут,Tsagaanchuluut,Хужир шүү,Mineral fodder,79.5
18161,Завхан,Zavkhan,Цэцэн-Уул,Tsetsen-Uul,Тэжээлийн ургамал,Fodder crops,75
18161,Завхан,Zavkhan,Цэцэн-Уул,Tsetsen-Uul,"Бэлтгэсэн өвс, хадлан",Hay harvest,30.1
18161,Завхан,Zavkhan,Цэцэн-Уул,Tsetsen-Uul,Хужир шүү,Mineral fodder,3
18164,Завхан,Zavkhan,Шилүүстэй,Shiluustei,"Бэлтгэсэн өвс, хадлан",Hay harvest,205
18164,Завхан,Zavkhan,Шилүүстэй,Shiluustei,Гар тэжээл,Handmade fodder,7.8
18164,Завхан,Zavkhan,Шилүүстэй,Shiluustei,Хужир шүү,Mineral fodder,1.5
18167,Завхан,Zavkhan,Эрдэнэхайрхан,Erdenekhairkhan,Тэжээлийн ургамал,Fodder crops,10
18167,Завхан,Zavkhan,Эрдэнэхайрхан,Erdenekhairkhan,"Бэлтгэсэн өвс, хадлан",Hay harvest,244
18167,Завхан,Zavkhan,Эрдэнэхайрхан,Erdenekhairkhan,Гар тэжээл,Handmade fodder,55
18167,Завхан,Zavkhan,Эрдэнэхайрхан,Erdenekhairkhan,Хужир шүү,Mineral fodder,181
18170,Завхан,Zavkhan,Яруу,Yaruu,Тэжээлийн ургамал,Fodder crops,63.6
18170,Завхан,Zavkhan,Яруу,Yaruu,"Бэлтгэсэн өвс, хадлан",Hay harvest,357.5
18170,Завхан,Zavkhan,Яруу,Yaruu,Гар тэжээл,Handmade fodder,14
18170,Завхан,Zavkhan,Яруу,Yaruu,Хужир шүү,Mineral fodder,35.8
18201,Говь-Алтай,Govi-Altai,Есөнбулаг,Yesunbulag,Тэжээлийн ургамал,Fodder crops,49.5
18201,Говь-Алтай,Govi-Altai,Есөнбулаг,Yesunbulag,"Бэлтгэсэн өвс, хадлан",Hay harvest,901.8
18201,Говь-Алтай,Govi-Altai,Есөнбулаг,Yesunbulag,Гар тэжээл,Handmade fodder,39.2
18201,Говь-Алтай,Govi-Altai,Есөнбулаг,Yesunbulag,Хужир шүү,Mineral fodder,361.4
18204,Говь-Алтай,Govi-Altai,Алтай,Altai,"Бэлтгэсэн өвс, хадлан",Hay harvest,37
18207,Говь-Алтай,Govi-Altai,Баян-Уул,Bayan-Uul,Тэжээлийн ургамал,Fodder crops,12
18207,Говь-Алтай,Govi-Altai,Баян-Уул,Bayan-Uul,"Бэлтгэсэн өвс, хадлан",Hay harvest,447
18207,Говь-Алтай,Govi-Altai,Баян-Уул,Bayan-Uul,Гар тэжээл,Handmade fodder,19.3
18207,Говь-Алтай,Govi-Altai,Баян-Уул,Bayan-Uul,Хужир шүү,Mineral fodder,629.3
18210,Говь-Алтай,Govi-Altai,Бигэр,Biger,Тэжээлийн ургамал,Fodder crops,368.4
18210,Говь-Алтай,Govi-Altai,Бигэр,Biger,"Бэлтгэсэн өвс, хадлан",Hay harvest,607.25
18210,Говь-Алтай,Govi-Altai,Бигэр,Biger,Гар тэжээл,Handmade fodder,12.6
18210,Говь-Алтай,Govi-Altai,Бигэр,Biger,Хужир шүү,Mineral fodder,222.2
18213,Говь-Алтай,Govi-Altai,Бугат,Bugat,Тэжээлийн ургамал,Fodder crops,320
18213,Говь-Алтай,Govi-Altai,Бугат,Bugat,"Бэлтгэсэн өвс, хадлан",Hay harvest,355.2
18213,Говь-Алтай,Govi-Altai,Бугат,Bugat,Гар тэжээл,Handmade fodder,0.4
18213,Говь-Алтай,Govi-Altai,Бугат,Bugat,Хужир шүү,Mineral fodder,35
18216,Говь-Алтай,Govi-Altai,Дарив,Dariv,Тэжээлийн ургамал,Fodder crops,4.75
18216,Говь-Алтай,Govi-Altai,Дарив,Dariv,"Бэлтгэсэн өвс, хадлан",Hay harvest,342.55
18216,Говь-Алтай,Govi-Altai,Дарив,Dariv,Гар тэжээл,Handmade fodder,231.15
18216,Говь-Алтай,Govi-Altai,Дарив,Dariv,Хужир шүү,Mineral fodder,184.5
18219,Говь-Алтай,Govi-Altai,Дэлгэр,Delger,Тэжээлийн ургамал,Fodder crops,22.5
18219,Говь-Алтай,Govi-Altai,Дэлгэр,Delger,"Бэлтгэсэн өвс, хадлан",Hay harvest,321
18219,Говь-Алтай,Govi-Altai,Дэлгэр,Delger,Гар тэжээл,Handmade fodder,96
18219,Говь-Алтай,Govi-Altai,Дэлгэр,Delger,Хужир шүү,Mineral fodder,465.5
18222,Говь-Алтай,Govi-Altai,Жаргалан,Jargalan,Тэжээлийн ургамал,Fodder crops,20
18222,Говь-Алтай,Govi-Altai,Жаргалан,Jargalan,"Бэлтгэсэн өвс, хадлан",Hay harvest,494.5
18222,Говь-Алтай,Govi-Altai,Жаргалан,Jargalan,Гар тэжээл,Handmade fodder,13.3
18222,Говь-Алтай,Govi-Altai,Жаргалан,Jargalan,Хужир шүү,Mineral fodder,97
18225,Говь-Алтай,Govi-Altai,Тайшир,Taishir,Тэжээлийн ургамал,Fodder crops,180
18225,Говь-Алтай,Govi-Altai,Тайшир,Taishir,"Бэлтгэсэн өвс, хадлан",Hay harvest,343.4
18225,Говь-Алтай,Govi-Altai,Тайшир,Taishir,Хужир шүү,Mineral fodder,5.5
18228,Говь-Алтай,Govi-Altai,Тонхил,Tonkhil,"Бэлтгэсэн өвс, хадлан",Hay harvest,289.1
18228,Говь-Алтай,Govi-Altai,Тонхил,Tonkhil,Гар тэжээл,Handmade fodder,3
18228,Говь-Алтай,Govi-Altai,Тонхил,Tonkhil,Хужир шүү,Mineral fodder,45.8
18231,Говь-Алтай,Govi-Altai,Төгрөг,Tugrug,Тэжээлийн ургамал,Fodder crops,42
18231,Говь-Алтай,Govi-Altai,Төгрөг,Tugrug,"Бэлтгэсэн өвс, хадлан",Hay harvest,345.5
18231,Говь-Алтай,Govi-Altai,Төгрөг,Tugrug,Гар тэжээл,Handmade fodder,133.6
18231,Говь-Алтай,Govi-Altai,Төгрөг,Tugrug,Хужир шүү,Mineral fodder,355.5
18234,Говь-Алтай,Govi-Altai,Халиун,Khaliun,Тэжээлийн ургамал,Fodder crops,3.12
18234,Говь-Алтай,Govi-Altai,Халиун,Khaliun,"Бэлтгэсэн өвс, хадлан",Hay harvest,713.65
18234,Говь-Алтай,Govi-Altai,Халиун,Khaliun,Гар тэжээл,Handmade fodder,123.8
18234,Говь-Алтай,Govi-Altai,Халиун,Khaliun,Хужир шүү,Mineral fodder,438.8
18237,Говь-Алтай,Govi-Altai,Хөхморьт,Khukhmorit,Тэжээлийн ургамал,Fodder crops,5
18237,Говь-Алтай,Govi-Altai,Хөхморьт,Khukhmorit,"Бэлтгэсэн өвс, хадлан",Hay harvest,116.8
18237,Говь-Алтай,Govi-Altai,Хөхморьт,Khukhmorit,Гар тэжээл,Handmade fodder,30.2
18237,Говь-Алтай,Govi-Altai,Хөхморьт,Khukhmorit,Хужир шүү,Mineral fodder,175.5
18240,Говь-Алтай,Govi-Altai,Цогт,Tsogt,Тэжээлийн ургамал,Fodder crops,395
18240,Говь-Алтай,Govi-Altai,Цогт,Tsogt,"Бэлтгэсэн өвс, хадлан",Hay harvest,114.6
18240,Говь-Алтай,Govi-Altai,Цогт,Tsogt,Гар тэжээл,Handmade fodder,21.3
18240,Говь-Алтай,Govi-Altai,Цогт,Tsogt,Хужир шүү,Mineral fodder,232.4
18243,Говь-Алтай,Govi-Altai,Цээл,Tseel,Тэжээлийн ургамал,Fodder crops,9
18243,Говь-Алтай,Govi-Altai,Цээл,Tseel,"Бэлтгэсэн өвс, хадлан",Hay harvest,111.5
18243,Говь-Алтай,Govi-Altai,Цээл,Tseel,Гар тэжээл,Handmade fodder,3
18243,Говь-Алтай,Govi-Altai,Цээл,Tseel,Хужир шүү,Mineral fodder,135
18246,Говь-Алтай,Govi-Altai,Чандмань,Chandmani,Тэжээлийн ургамал,Fodder crops,399
18246,Говь-Алтай,Govi-Altai,Чандмань,Chandmani,"Бэлтгэсэн өвс, хадлан",Hay harvest,344.45
18246,Говь-Алтай,Govi-Altai,Чандмань,Chandmani,Гар тэжээл,Handmade fodder,20.2
18246,Говь-Алтай,Govi-Altai,Чандмань,Chandmani,Хужир шүү,Mineral fodder,21
18249,Говь-Алтай,Govi-Altai,Шарга,Sharga,Тэжээлийн ургамал,Fodder crops,9
18249,Говь-Алтай,Govi-Altai,Шарга,Sharga,"Бэлтгэсэн өвс, хадлан",Hay harvest,2479.4
18249,Говь-Алтай,Govi-Altai,Шарга,Sharga,Гар тэжээл,Handmade fodder,29.2
18249,Говь-Алтай,Govi-Altai,Шарга,Sharga,Хужир шүү,Mineral fodder,196.2
18252,Говь-Алтай,Govi-Altai,Эрдэнэ,Erdene,"Бэлтгэсэн өвс, хадлан",Hay harvest,374.8
18252,Говь-Алтай,Govi-Altai,Эрдэнэ,Erdene,Гар тэжээл,Handmade fodder,70.5
18252,Говь-Алтай,Govi-Altai,Эрдэнэ,Erdene,Хужир шүү,Mineral fodder,312
18301,Баян-Өлгий,Bayan-Ulgii,Өлгий,Ulgii,Тэжээлийн ургамал,Fodder crops,190
18301,Баян-Өлгий,Bayan-Ulgii,Өлгий,Ulgii,"Бэлтгэсэн өвс, хадлан",Hay harvest,4912.5
18301,Баян-Өлгий,Bayan-Ulgii,Өлгий,Ulgii,Гар тэжээл,Handmade fodder,111.1
18301,Баян-Өлгий,Bayan-Ulgii,Өлгий,Ulgii,Хужир шүү,Mineral fodder,66
18304,Баян-Өлгий,Bayan-Ulgii,Алтай,Altai,Тэжээлийн ургамал,Fodder crops,30
18304,Баян-Өлгий,Bayan-Ulgii,Алтай,Altai,"Бэлтгэсэн өвс, хадлан",Hay harvest,6259.5
18304,Баян-Өлгий,Bayan-Ulgii,Алтай,Altai,Гар тэжээл,Handmade fodder,1685.5
18304,Баян-Өлгий,Bayan-Ulgii,Алтай,Altai,Хужир шүү,Mineral fodder,747
18307,Баян-Өлгий,Bayan-Ulgii,Алтанцөгц,Altantsugts,Тэжээлийн ургамал,Fodder crops,211.2
18307,Баян-Өлгий,Bayan-Ulgii,Алтанцөгц,Altantsugts,"Бэлтгэсэн өвс, хадлан",Hay harvest,5131
18307,Баян-Өлгий,Bayan-Ulgii,Алтанцөгц,Altantsugts,Гар тэжээл,Handmade fodder,467
18307,Баян-Өлгий,Bayan-Ulgii,Алтанцөгц,Altantsugts,Хужир шүү,Mineral fodder,457
18310,Баян-Өлгий,Bayan-Ulgii,Баяннуур,Bayannuur,Тэжээлийн ургамал,Fodder crops,200
18310,Баян-Өлгий,Bayan-Ulgii,Баяннуур,Bayannuur,"Бэлтгэсэн өвс, хадлан",Hay harvest,7760.1
18310,Баян-Өлгий,Bayan-Ulgii,Баяннуур,Bayannuur,Гар тэжээл,Handmade fodder,400
18313,Баян-Өлгий,Bayan-Ulgii,Бугат,Bugat,Тэжээлийн ургамал,Fodder crops,40
18313,Баян-Өлгий,Bayan-Ulgii,Бугат,Bugat,"Бэлтгэсэн өвс, хадлан",Hay harvest,3556
18313,Баян-Өлгий,Bayan-Ulgii,Бугат,Bugat,Гар тэжээл,Handmade fodder,290
18313,Баян-Өлгий,Bayan-Ulgii,Бугат,Bugat,Хужир шүү,Mineral fodder,393
18316,Баян-Өлгий,Bayan-Ulgii,Булган,Bulgan,Тэжээлийн ургамал,Fodder crops,14
18316,Баян-Өлгий,Bayan-Ulgii,Булган,Bulgan,"Бэлтгэсэн өвс, хадлан",Hay harvest,4261
18316,Баян-Өлгий,Bayan-Ulgii,Булган,Bulgan,Гар тэжээл,Handmade fodder,399.98
18316,Баян-Өлгий,Bayan-Ulgii,Булган,Bulgan,Хужир шүү,Mineral fodder,0
18319,Баян-Өлгий,Bayan-Ulgii,Буянт,Buyant,"Бэлтгэсэн өвс, хадлан",Hay harvest,2336.7
18319,Баян-Өлгий,Bayan-Ulgii,Буянт,Buyant,Гар тэжээл,Handmade fodder,415.5
18319,Баян-Өлгий,Bayan-Ulgii,Буянт,Buyant,Хужир шүү,Mineral fodder,16
18322,Баян-Өлгий,Bayan-Ulgii,Дэлүүн,Deluun,Тэжээлийн ургамал,Fodder crops,24
18322,Баян-Өлгий,Bayan-Ulgii,Дэлүүн,Deluun,"Бэлтгэсэн өвс, хадлан",Hay harvest,3903.7
18322,Баян-Өлгий,Bayan-Ulgii,Дэлүүн,Deluun,Гар тэжээл,Handmade fodder,776.64
18322,Баян-Өлгий,Bayan-Ulgii,Дэлүүн,Deluun,Хужир шүү,Mineral fodder,772.1
18325,Баян-Өлгий,Bayan-Ulgii,Ногооннуур,Nogoonnuur,Тэжээлийн ургамал,Fodder crops,10
18325,Баян-Өлгий,Bayan-Ulgii,Ногооннуур,Nogoonnuur,"Бэлтгэсэн өвс, хадлан",Hay harvest,21365
18325,Баян-Өлгий,Bayan-Ulgii,Ногооннуур,Nogoonnuur,Гар тэжээл,Handmade fodder,250
18325,Баян-Өлгий,Bayan-Ulgii,Ногооннуур,Nogoonnuur,Хужир шүү,Mineral fodder,650
18328,Баян-Өлгий,Bayan-Ulgii,Сагсай,Sagsai,Тэжээлийн ургамал,Fodder crops,200
18328,Баян-Өлгий,Bayan-Ulgii,Сагсай,Sagsai,"Бэлтгэсэн өвс, хадлан",Hay harvest,5069
18328,Баян-Өлгий,Bayan-Ulgii,Сагсай,Sagsai,Гар тэжээл,Handmade fodder,369.7
18328,Баян-Өлгий,Bayan-Ulgii,Сагсай,Sagsai,Хужир шүү,Mineral fodder,683.1
18331,Баян-Өлгий,Bayan-Ulgii,Толбо,Tolbo,Тэжээлийн ургамал,Fodder crops,80.8
18331,Баян-Өлгий,Bayan-Ulgii,Толбо,Tolbo,"Бэлтгэсэн өвс, хадлан",Hay harvest,2698
18331,Баян-Өлгий,Bayan-Ulgii,Толбо,Tolbo,Гар тэжээл,Handmade fodder,319.55
18331,Баян-Өлгий,Bayan-Ulgii,Толбо,Tolbo,Хужир шүү,Mineral fodder,570.75
18334,Баян-Өлгий,Bayan-Ulgii,Улаанхус,Ulaankhus,Тэжээлийн ургамал,Fodder crops,40
18334,Баян-Өлгий,Bayan-Ulgii,Улаанхус,Ulaankhus,"Бэлтгэсэн өвс, хадлан",Hay harvest,4585.2
18334,Баян-Өлгий,Bayan-Ulgii,Улаанхус,Ulaankhus,Гар тэжээл,Handmade fodder,450.05
18334,Баян-Өлгий,Bayan-Ulgii,Улаанхус,Ulaankhus,Хужир шүү,Mineral fodder,904.55
18337,Баян-Өлгий,Bayan-Ulgii,Цэнгэл,Tsengel,Тэжээлийн ургамал,Fodder crops,290
18337,Баян-Өлгий,Bayan-Ulgii,Цэнгэл,Tsengel,"Бэлтгэсэн өвс, хадлан",Hay harvest,9673
18337,Баян-Өлгий,Bayan-Ulgii,Цэнгэл,Tsengel,Гар тэжээл,Handmade fodder,3561
18337,Баян-Өлгий,Bayan-Ulgii,Цэнгэл,Tsengel,Хужир шүү,Mineral fodder,1938
18401,Ховд,Khovd,Жаргалант,Jargalant,Тэжээлийн ургамал,Fodder crops,0
18401,Ховд,Khovd,Жаргалант,Jargalant,"Бэлтгэсэн өвс, хадлан",Hay harvest,1508.3
18401,Ховд,Khovd,Жаргалант,Jargalant,Гар тэжээл,Handmade fodder,41.5
18401,Ховд,Khovd,Жаргалант,Jargalant,Хужир шүү,Mineral fodder,155.75
18404,Ховд,Khovd,Алтай,Altai,"Бэлтгэсэн өвс, хадлан",Hay harvest,1117
18404,Ховд,Khovd,Алтай,Altai,Гар тэжээл,Handmade fodder,140.7
18404,Ховд,Khovd,Алтай,Altai,Хужир шүү,Mineral fodder,240.9
18407,Ховд,Khovd,Булган,Bulgan,"Бэлтгэсэн өвс, хадлан",Hay harvest,25315
18407,Ховд,Khovd,Булган,Bulgan,Гар тэжээл,Handmade fodder,3.5
18407,Ховд,Khovd,Булган,Bulgan,Хужир шүү,Mineral fodder,407.51
18410,Ховд,Khovd,Буянт,Buyant,"Бэлтгэсэн өвс, хадлан",Hay harvest,6009.13
18410,Ховд,Khovd,Буянт,Buyant,Гар тэжээл,Handmade fodder,98.8
18410,Ховд,Khovd,Буянт,Buyant,Хужир шүү,Mineral fodder,210.2
18413,Ховд,Khovd,Дарви,Darvi,"Бэлтгэсэн өвс, хадлан",Hay harvest,423.5
18413,Ховд,Khovd,Дарви,Darvi,Гар тэжээл,Handmade fodder,129.1
18413,Ховд,Khovd,Дарви,Darvi,Хужир шүү,Mineral fodder,294
18416,Ховд,Khovd,Дөргөн,Durgun,"Бэлтгэсэн өвс, хадлан",Hay harvest,1152
18416,Ховд,Khovd,Дөргөн,Durgun,Гар тэжээл,Handmade fodder,214.6
18416,Ховд,Khovd,Дөргөн,Durgun,Хужир шүү,Mineral fodder,300
18419,Ховд,Khovd,Дуут,Duut,"Бэлтгэсэн өвс, хадлан",Hay harvest,504.3
18419,Ховд,Khovd,Дуут,Duut,Гар тэжээл,Handmade fodder,40.06
18419,Ховд,Khovd,Дуут,Duut,Хужир шүү,Mineral fodder,65.93
18422,Ховд,Khovd,Зэрэг,Zereg,"Бэлтгэсэн өвс, хадлан",Hay harvest,3520
18422,Ховд,Khovd,Зэрэг,Zereg,Гар тэжээл,Handmade fodder,284.6
18422,Ховд,Khovd,Зэрэг,Zereg,Хужир шүү,Mineral fodder,403.6
18425,Ховд,Khovd,Манхан,Mankhan,"Бэлтгэсэн өвс, хадлан",Hay harvest,2067.3
18425,Ховд,Khovd,Манхан,Mankhan,Гар тэжээл,Handmade fodder,101.5
18425,Ховд,Khovd,Манхан,Mankhan,Хужир шүү,Mineral fodder,1208.6
18428,Ховд,Khovd,Мөнххайрхан,Munkhkhairkhan,"Бэлтгэсэн өвс, хадлан",Hay harvest,147.9
18428,Ховд,Khovd,Мөнххайрхан,Munkhkhairkhan,Гар тэжээл,Handmade fodder,11.1
18428,Ховд,Khovd,Мөнххайрхан,Munkhkhairkhan,Хужир шүү,Mineral fodder,47.2
18431,Ховд,Khovd,Мөст,Must,"Бэлтгэсэн өвс, хадлан",Hay harvest,168.6
18431,Ховд,Khovd,Мөст,Must,Гар тэжээл,Handmade fodder,6
18431,Ховд,Khovd,Мөст,Must,Хужир шүү,Mineral fodder,207.3
18434,Ховд,Khovd,Мянгад,Myangad,"Бэлтгэсэн өвс, хадлан",Hay harvest,7389
18434,Ховд,Khovd,Мянгад,Myangad,Гар тэжээл,Handmade fodder,361
18434,Ховд,Khovd,Мянгад,Myangad,Хужир шүү,Mineral fodder,1198
18437,Ховд,Khovd,Үенч,Uyench,"Бэлтгэсэн өвс, хадлан",Hay harvest,3778.5
18437,Ховд,Khovd,Үенч,Uyench,Гар тэжээл,Handmade fodder,154.7
18437,Ховд,Khovd,Үенч,Uyench,Хужир шүү,Mineral fodder,364.3
18440,Ховд,Khovd,Ховд,Khovd,Тэжээлийн ургамал,Fodder crops,1629
18440,Ховд,Khovd,Ховд,Khovd,"Бэлтгэсэн өвс, хадлан",Hay harvest,4353
18440,Ховд,Khovd,Ховд,Khovd,Гар тэжээл,Handmade fodder,252.8
18440,Ховд,Khovd,Ховд,Khovd,Хужир шүү,Mineral fodder,1417.1
18443,Ховд,Khovd,Цэцэг,Tsetseg,"Бэлтгэсэн өвс, хадлан",Hay harvest,520.5
18443,Ховд,Khovd,Цэцэг,Tsetseg,Гар тэжээл,Handmade fodder,40
18443,Ховд,Khovd,Цэцэг,Tsetseg,Хужир шүү,Mineral fodder,441
18446,Ховд,Khovd,Чандмань,Chandmani,Тэжээлийн ургамал,Fodder crops,10
18446,Ховд,Khovd,Чандмань,Chandmani,"Бэлтгэсэн өвс, хадлан",Hay harvest,1227.5
18446,Ховд,Khovd,Чандмань,Chandmani,Гар тэжээл,Handmade fodder,101.5
18446,Ховд,Khovd,Чандмань,Chandmani,Хужир шүү,Mineral fodder,373.1
18449,Ховд,Khovd,Эрдэнэбүрэн,Erdeneburen,Тэжээлийн ургамал,Fodder crops,31.2
18449,Ховд,Khovd,Эрдэнэбүрэн,Erdeneburen,"Бэлтгэсэн өвс, хадлан",Hay harvest,2882
18449,Ховд,Khovd,Эрдэнэбүрэн,Erdeneburen,Гар тэжээл,Handmade fodder,100.4
18449,Ховд,Khovd,Эрдэнэбүрэн,Erdeneburen,Хужир шүү,Mineral fodder,246
18501,Увс,Uvs,Улаангом,Ulaangom,"Бэлтгэсэн өвс, хадлан",Hay harvest,5619.2
18501,Увс,Uvs,Улаангом,Ulaangom,Гар тэжээл,Handmade fodder,17
18501,Увс,Uvs,Улаангом,Ulaangom,Хужир шүү,Mineral fodder,135.35
18504,Увс,Uvs,Баруунтуруун,Baruunturuun,"Бэлтгэсэн өвс, хадлан",Hay harvest,7261.7
18504,Увс,Uvs,Баруунтуруун,Baruunturuun,Гар тэжээл,Handmade fodder,134.1
18504,Увс,Uvs,Баруунтуруун,Baruunturuun,Хужир шүү,Mineral fodder,245.6
18507,Увс,Uvs,Бөхмөрөн,Bukhmurun,Тэжээлийн ургамал,Fodder crops,6
18507,Увс,Uvs,Бөхмөрөн,Bukhmurun,"Бэлтгэсэн өвс, хадлан",Hay harvest,3534.3
18507,Увс,Uvs,Бөхмөрөн,Bukhmurun,Гар тэжээл,Handmade fodder,102.93
18507,Увс,Uvs,Бөхмөрөн,Bukhmurun,Хужир шүү,Mineral fodder,163.13
18513,Увс,Uvs,Завхан,Zavkhan,"Бэлтгэсэн өвс, хадлан",Hay harvest,756.35
18513,Увс,Uvs,Завхан,Zavkhan,Гар тэжээл,Handmade fodder,109.67
18513,Увс,Uvs,Завхан,Zavkhan,Хужир шүү,Mineral fodder,14.4
18516,Увс,Uvs,Зүүнговь,Zuungovi,"Бэлтгэсэн өвс, хадлан",Hay harvest,2534.5
18516,Увс,Uvs,Зүүнговь,Zuungovi,Гар тэжээл,Handmade fodder,95.1
18516,Увс,Uvs,Зүүнговь,Zuungovi,Хужир шүү,Mineral fodder,471.95
18519,Увс,Uvs,Зүүнхангай,Zuunkhangai,"Бэлтгэсэн өвс, хадлан",Hay harvest,2324
18519,Увс,Uvs,Зүүнхангай,Zuunkhangai,Гар тэжээл,Handmade fodder,102
18519,Увс,Uvs,Зүүнхангай,Zuunkhangai,Хужир шүү,Mineral fodder,373
18522,Увс,Uvs,Малчин,Malchin,"Бэлтгэсэн өвс, хадлан",Hay harvest,1005.5
18522,Увс,Uvs,Малчин,Malchin,Гар тэжээл,Handmade fodder,150.6
18522,Увс,Uvs,Малчин,Malchin,Хужир шүү,Mineral fodder,399.8
18525,Увс,Uvs,Наранбулаг,Naranbulag,Тэжээлийн ургамал,Fodder crops,515
18525,Увс,Uvs,Наранбулаг,Naranbulag,"Бэлтгэсэн өвс, хадлан",Hay harvest,2828.5
18525,Увс,Uvs,Наранбулаг,Naranbulag,Гар тэжээл,Handmade fodder,194.18
18525,Увс,Uvs,Наранбулаг,Naranbulag,Хужир шүү,Mineral fodder,1103.3
18528,Увс,Uvs,Өлгий,Ulgii,Тэжээлийн ургамал,Fodder crops,0
18528,Увс,Uvs,Өлгий,Ulgii,"Бэлтгэсэн өвс, хадлан",Hay harvest,771.9
18528,Увс,Uvs,Өлгий,Ulgii,Гар тэжээл,Handmade fodder,129.66
18528,Увс,Uvs,Өлгий,Ulgii,Хужир шүү,Mineral fodder,323.15
18531,Увс,Uvs,Өмнөговь,Umnugovi,Тэжээлийн ургамал,Fodder crops,24
18531,Увс,Uvs,Өмнөговь,Umnugovi,"Бэлтгэсэн өвс, хадлан",Hay harvest,2796.4
18531,Увс,Uvs,Өмнөговь,Umnugovi,Гар тэжээл,Handmade fodder,47.5
18531,Увс,Uvs,Өмнөговь,Umnugovi,Хужир шүү,Mineral fodder,187.3
18534,Увс,Uvs,Өндөрхангай,Undurkhangai,"Бэлтгэсэн өвс, хадлан",Hay harvest,1397.75
18534,Увс,Uvs,Өндөрхангай,Undurkhangai,Гар тэжээл,Handmade fodder,78.1
18534,Увс,Uvs,Өндөрхангай,Undurkhangai,Хужир шүү,Mineral fodder,64
18537,Увс,Uvs,Сагил,Sagil,Тэжээлийн ургамал,Fodder crops,105
18537,Увс,Uvs,Сагил,Sagil,"Бэлтгэсэн өвс, хадлан",Hay harvest,2314
18537,Увс,Uvs,Сагил,Sagil,Хужир шүү,Mineral fodder,153.2
18540,Увс,Uvs,Тариалан,Tarialan,Тэжээлийн ургамал,Fodder crops,5010
18540,Увс,Uvs,Тариалан,Tarialan,"Бэлтгэсэн өвс, хадлан",Hay harvest,5332.5
18540,Увс,Uvs,Тариалан,Tarialan,Гар тэжээл,Handmade fodder,17.6
18540,Увс,Uvs,Тариалан,Tarialan,Хужир шүү,Mineral fodder,226.46
18543,Увс,Uvs,Түргэн,Turgen,Тэжээлийн ургамал,Fodder crops,1500
18543,Увс,Uvs,Түргэн,Turgen,"Бэлтгэсэн өвс, хадлан",Hay harvest,255.5
18543,Увс,Uvs,Түргэн,Turgen,Гар тэжээл,Handmade fodder,5
18543,Увс,Uvs,Түргэн,Turgen,Хужир шүү,Mineral fodder,71.3
18546,Увс,Uvs,Тэс,Tes,"Бэлтгэсэн өвс, хадлан",Hay harvest,19025
18546,Увс,Uvs,Тэс,Tes,Гар тэжээл,Handmade fodder,161.4
18546,Увс,Uvs,Тэс,Tes,Хужир шүү,Mineral fodder,891.9
18549,Увс,Uvs,Ховд,Khovd,"Бэлтгэсэн өвс, хадлан",Hay harvest,1943.5
18549,Увс,Uvs,Ховд,Khovd,Гар тэжээл,Handmade fodder,69.6
18549,Увс,Uvs,Ховд,Khovd,Хужир шүү,Mineral fodder,129
18552,Увс,Uvs,Хяргас,Khyargas,Тэжээлийн ургамал,Fodder crops,44
18552,Увс,Uvs,Хяргас,Khyargas,"Бэлтгэсэн өвс, хадлан",Hay harvest,2383.2
18552,Увс,Uvs,Хяргас,Khyargas,Гар тэжээл,Handmade fodder,415.4
18552,Увс,Uvs,Хяргас,Khyargas,Хужир шүү,Mineral fodder,516.8
18555,Увс,Uvs,Цагаанхайрхан,Tsagaankhairkhan,"Бэлтгэсэн өвс, хадлан",Hay harvest,614
18555,Увс,Uvs,Цагаанхайрхан,Tsagaankhairkhan,Гар тэжээл,Handmade fodder,91.1
18555,Увс,Uvs,Цагаанхайрхан,Tsagaankhairkhan,Хужир шүү,Mineral fodder,92.04
26101,Орхон,Orkhon,Баян-Өндөр,Bayan-Undur,"Бэлтгэсэн өвс, хадлан",Hay harvest,3565.9
26101,Орхон,Orkhon,Баян-Өндөр,Bayan-Undur,Гар тэжээл,Handmade fodder,104.13
26101,Орхон,Orkhon,Баян-Өндөр,Bayan-Undur,Хужир шүү,Mineral fodder,386.5
26104,Орхон,Orkhon,Жаргалант,Jargalant,Тэжээлийн ургамал,Fodder crops,511.6
26104,Орхон,Orkhon,Жаргалант,Jargalant,"Бэлтгэсэн өвс, хадлан",Hay harvest,5652.5
26104,Орхон,Orkhon,Жаргалант,Jargalant,Гар тэжээл,Handmade fodder,26.7
26104,Орхон,Orkhon,Жаргалант,Jargalant,Хужир шүү,Mineral fodder,60.15
26201,Өвөрхангай,Uvurkhangai,Арвайхээр,Arvaikheer,Тэжээлийн ургамал,Fodder crops,210.5
26201,Өвөрхангай,Uvurkhangai,Арвайхээр,Arvaikheer,"Бэлтгэсэн өвс, хадлан",Hay harvest,2263.1
26201,Өвөрхангай,Uvurkhangai,Арвайхээр,Arvaikheer,Гар тэжээл,Handmade fodder,1024.47
26201,Өвөрхангай,Uvurkhangai,Арвайхээр,Arvaikheer,Хужир шүү,Mineral fodder,529.92
26204,Өвөрхангай,Uvurkhangai,Баруунбаян-Улаан,Baruunbayan-Ulaan,Тэжээлийн ургамал,Fodder crops,18
26204,Өвөрхангай,Uvurkhangai,Баруунбаян-Улаан,Baruunbayan-Ulaan,"Бэлтгэсэн өвс, хадлан",Hay harvest,1409.8
26204,Өвөрхангай,Uvurkhangai,Баруунбаян-Улаан,Baruunbayan-Ulaan,Гар тэжээл,Handmade fodder,240
26204,Өвөрхангай,Uvurkhangai,Баруунбаян-Улаан,Baruunbayan-Ulaan,Хужир шүү,Mineral fodder,408.6
26207,Өвөрхангай,Uvurkhangai,Бат-Өлзий,Bat-Ulzii,Тэжээлийн ургамал,Fodder crops,6
26207,Өвөрхангай,Uvurkhangai,Бат-Өлзий,Bat-Ulzii,"Бэлтгэсэн өвс, хадлан",Hay harvest,4235.5
26207,Өвөрхангай,Uvurkhangai,Бат-Өлзий,Bat-Ulzii,Гар тэжээл,Handmade fodder,1200.3
26207,Өвөрхангай,Uvurkhangai,Бат-Өлзий,Bat-Ulzii,Хужир шүү,Mineral fodder,756.3
26210,Өвөрхангай,Uvurkhangai,Баянгол,Bayangol,"Бэлтгэсэн өвс, хадлан",Hay harvest,2900
26210,Өвөрхангай,Uvurkhangai,Баянгол,Bayangol,Гар тэжээл,Handmade fodder,1400
26210,Өвөрхангай,Uvurkhangai,Баянгол,Bayangol,Хужир шүү,Mineral fodder,450
26213,Өвөрхангай,Uvurkhangai,Баян-Өндөр,Bayan-Undur,Тэжээлийн ургамал,Fodder crops,6
26213,Өвөрхангай,Uvurkhangai,Баян-Өндөр,Bayan-Undur,"Бэлтгэсэн өвс, хадлан",Hay harvest,3319.7
26213,Өвөрхангай,Uvurkhangai,Баян-Өндөр,Bayan-Undur,Гар тэжээл,Handmade fodder,881
26213,Өвөрхангай,Uvurkhangai,Баян-Өндөр,Bayan-Undur,Хужир шүү,Mineral fodder,922.91
26216,Өвөрхангай,Uvurkhangai,Богд,Bogd,"Бэлтгэсэн өвс, хадлан",Hay harvest,2516.55
26216,Өвөрхангай,Uvurkhangai,Богд,Bogd,Гар тэжээл,Handmade fodder,1050
26216,Өвөрхангай,Uvurkhangai,Богд,Bogd,Хужир шүү,Mineral fodder,580
26219,Өвөрхангай,Uvurkhangai,Бүрд,Burd,Тэжээлийн ургамал,Fodder crops,60
26219,Өвөрхангай,Uvurkhangai,Бүрд,Burd,"Бэлтгэсэн өвс, хадлан",Hay harvest,4845.7
26219,Өвөрхангай,Uvurkhangai,Бүрд,Burd,Гар тэжээл,Handmade fodder,468.4
26219,Өвөрхангай,Uvurkhangai,Бүрд,Burd,Хужир шүү,Mineral fodder,362.6
26222,Өвөрхангай,Uvurkhangai,Гучин-Ус,Guchin-Us,Тэжээлийн ургамал,Fodder crops,3
26222,Өвөрхангай,Uvurkhangai,Гучин-Ус,Guchin-Us,"Бэлтгэсэн өвс, хадлан",Hay harvest,1521
26222,Өвөрхангай,Uvurkhangai,Гучин-Ус,Guchin-Us,Гар тэжээл,Handmade fodder,420
26222,Өвөрхангай,Uvurkhangai,Гучин-Ус,Guchin-Us,Хужир шүү,Mineral fodder,256.8
26225,Өвөрхангай,Uvurkhangai,Есөн зүйл,Yesun zuil,Тэжээлийн ургамал,Fodder crops,600
26225,Өвөрхангай,Uvurkhangai,Есөн зүйл,Yesun zuil,"Бэлтгэсэн өвс, хадлан",Hay harvest,5834
26225,Өвөрхангай,Uvurkhangai,Есөн зүйл,Yesun zuil,Гар тэжээл,Handmade fodder,800
26225,Өвөрхангай,Uvurkhangai,Есөн зүйл,Yesun zuil,Хужир шүү,Mineral fodder,433
26228,Өвөрхангай,Uvurkhangai,Зүүнбаян-Улаан,Zuunbayan-Ulaan,Тэжээлийн ургамал,Fodder crops,175
26228,Өвөрхангай,Uvurkhangai,Зүүнбаян-Улаан,Zuunbayan-Ulaan,"Бэлтгэсэн өвс, хадлан",Hay harvest,3600.5
26228,Өвөрхангай,Uvurkhangai,Зүүнбаян-Улаан,Zuunbayan-Ulaan,Гар тэжээл,Handmade fodder,1700
26228,Өвөрхангай,Uvurkhangai,Зүүнбаян-Улаан,Zuunbayan-Ulaan,Хужир шүү,Mineral fodder,550
26231,Өвөрхангай,Uvurkhangai,Нарийнтээл,Nariinteel,Тэжээлийн ургамал,Fodder crops,15
26231,Өвөрхангай,Uvurkhangai,Нарийнтээл,Nariinteel,"Бэлтгэсэн өвс, хадлан",Hay harvest,330.25
26231,Өвөрхангай,Uvurkhangai,Нарийнтээл,Nariinteel,Гар тэжээл,Handmade fodder,42.1
26231,Өвөрхангай,Uvurkhangai,Нарийнтээл,Nariinteel,Хужир шүү,Mineral fodder,625.2
26234,Өвөрхангай,Uvurkhangai,Өлзийт,Ulziit,Тэжээлийн ургамал,Fodder crops,170
26234,Өвөрхангай,Uvurkhangai,Өлзийт,Ulziit,"Бэлтгэсэн өвс, хадлан",Hay harvest,2460.4
26234,Өвөрхангай,Uvurkhangai,Өлзийт,Ulziit,Гар тэжээл,Handmade fodder,849.5
26234,Өвөрхангай,Uvurkhangai,Өлзийт,Ulziit,Хужир шүү,Mineral fodder,525
26237,Өвөрхангай,Uvurkhangai,Сант,Sant,"Бэлтгэсэн өвс, хадлан",Hay harvest,2222
26237,Өвөрхангай,Uvurkhangai,Сант,Sant,Гар тэжээл,Handmade fodder,1040
26237,Өвөрхангай,Uvurkhangai,Сант,Sant,Хужир шүү,Mineral fodder,339
26240,Өвөрхангай,Uvurkhangai,Тарагт,Taragt,Тэжээлийн ургамал,Fodder crops,250
26240,Өвөрхангай,Uvurkhangai,Тарагт,Taragt,"Бэлтгэсэн өвс, хадлан",Hay harvest,1677.3
26240,Өвөрхангай,Uvurkhangai,Тарагт,Taragt,Гар тэжээл,Handmade fodder,612.65
26240,Өвөрхангай,Uvurkhangai,Тарагт,Taragt,Хужир шүү,Mineral fodder,287.3
26243,Өвөрхангай,Uvurkhangai,Төгрөг,Tugrug,Тэжээлийн ургамал,Fodder crops,47.8
26243,Өвөрхангай,Uvurkhangai,Төгрөг,Tugrug,"Бэлтгэсэн өвс, хадлан",Hay harvest,800
26243,Өвөрхангай,Uvurkhangai,Төгрөг,Tugrug,Гар тэжээл,Handmade fodder,201.7
26243,Өвөрхангай,Uvurkhangai,Төгрөг,Tugrug,Хужир шүү,Mineral fodder,254.3
26246,Өвөрхангай,Uvurkhangai,Уянга,Uyanga,"Бэлтгэсэн өвс, хадлан",Hay harvest,3209.1
26246,Өвөрхангай,Uvurkhangai,Уянга,Uyanga,Гар тэжээл,Handmade fodder,35.5
26246,Өвөрхангай,Uvurkhangai,Уянга,Uyanga,Хужир шүү,Mineral fodder,555.8
26249,Өвөрхангай,Uvurkhangai,Хайрхандулаан,Khairkhandulaan,Тэжээлийн ургамал,Fodder crops,55
26249,Өвөрхангай,Uvurkhangai,Хайрхандулаан,Khairkhandulaan,"Бэлтгэсэн өвс, хадлан",Hay harvest,2177
26249,Өвөрхангай,Uvurkhangai,Хайрхандулаан,Khairkhandulaan,Гар тэжээл,Handmade fodder,1056.96
26249,Өвөрхангай,Uvurkhangai,Хайрхандулаан,Khairkhandulaan,Хужир шүү,Mineral fodder,698.35
26252,Өвөрхангай,Uvurkhangai,Хархорин,Kharkhorin,Тэжээлийн ургамал,Fodder crops,600
26252,Өвөрхангай,Uvurkhangai,Хархорин,Kharkhorin,"Бэлтгэсэн өвс, хадлан",Hay harvest,4488.6
26252,Өвөрхангай,Uvurkhangai,Хархорин,Kharkhorin,Гар тэжээл,Handmade fodder,947.3
26252,Өвөрхангай,Uvurkhangai,Хархорин,Kharkhorin,Хужир шүү,Mineral fodder,583.7
26255,Өвөрхангай,Uvurkhangai,Хужирт,Khujirt,Тэжээлийн ургамал,Fodder crops,115
26255,Өвөрхангай,Uvurkhangai,Хужирт,Khujirt,"Бэлтгэсэн өвс, хадлан",Hay harvest,2998.8
26255,Өвөрхангай,Uvurkhangai,Хужирт,Khujirt,Гар тэжээл,Handmade fodder,494.8
26255,Өвөрхангай,Uvurkhangai,Хужирт,Khujirt,Хужир шүү,Mineral fodder,464.05
26301,Булган,Bulgan,Булган,Bulgan,"Бэлтгэсэн өвс, хадлан",Hay harvest,4323.2
26301,Булган,Bulgan,Булган,Bulgan,Гар тэжээл,Handmade fodder,149.95
26301,Булган,Bulgan,Булган,Bulgan,Хужир шүү,Mineral fodder,149.77
26304,Булган,Bulgan,Баян-Агт,Bayan-Agt,Тэжээлийн ургамал,Fodder crops,70
26304,Булган,Bulgan,Баян-Агт,Bayan-Agt,"Бэлтгэсэн өвс, хадлан",Hay harvest,4989.45
26304,Булган,Bulgan,Баян-Агт,Bayan-Agt,Гар тэжээл,Handmade fodder,231
26304,Булган,Bulgan,Баян-Агт,Bayan-Agt,Хужир шүү,Mineral fodder,417
26307,Булган,Bulgan,Баяннуур,Bayannuur,Тэжээлийн ургамал,Fodder crops,40
26307,Булган,Bulgan,Баяннуур,Bayannuur,"Бэлтгэсэн өвс, хадлан",Hay harvest,860.15
26307,Булган,Bulgan,Баяннуур,Bayannuur,Гар тэжээл,Handmade fodder,3
26307,Булган,Bulgan,Баяннуур,Bayannuur,Хужир шүү,Mineral fodder,130.5
26310,Булган,Bulgan,Бугат,Bugat,Тэжээлийн ургамал,Fodder crops,842.3
26310,Булган,Bulgan,Бугат,Bugat,"Бэлтгэсэн өвс, хадлан",Hay harvest,4883.7
26310,Булган,Bulgan,Бугат,Bugat,Гар тэжээл,Handmade fodder,17.04
26310,Булган,Bulgan,Бугат,Bugat,Хужир шүү,Mineral fodder,136.91
26313,Булган,Bulgan,Бүрэгхангай,Buregkhangai,"Бэлтгэсэн өвс, хадлан",Hay harvest,3735
26313,Булган,Bulgan,Бүрэгхангай,Buregkhangai,Гар тэжээл,Handmade fodder,82
26313,Булган,Bulgan,Бүрэгхангай,Buregkhangai,Хужир шүү,Mineral fodder,623
26316,Булган,Bulgan,Гурванбулаг,Gurvanbulag,"Бэлтгэсэн өвс, хадлан",Hay harvest,976.8
26316,Булган,Bulgan,Гурванбулаг,Gurvanbulag,Гар тэжээл,Handmade fodder,183
26316,Булган,Bulgan,Гурванбулаг,Gurvanbulag,Хужир шүү,Mineral fodder,727.5
26319,Булган,Bulgan,Дашинчилэн,Dashinchilen,Тэжээлийн ургамал,Fodder crops,12.53
26319,Булган,Bulgan,Дашинчилэн,Dashinchilen,"Бэлтгэсэн өвс, хадлан",Hay harvest,1815.05
26319,Булган,Bulgan,Дашинчилэн,Dashinchilen,Гар тэжээл,Handmade fodder,127.95
26319,Булган,Bulgan,Дашинчилэн,Dashinchilen,Хужир шүү,Mineral fodder,238.5
26322,Булган,Bulgan,Могод,Mogod,"Бэлтгэсэн өвс, хадлан",Hay harvest,1722
26322,Булган,Bulgan,Могод,Mogod,Гар тэжээл,Handmade fodder,679.7
26322,Булган,Bulgan,Могод,Mogod,Хужир шүү,Mineral fodder,699.4
26325,Булган,Bulgan,Орхон,Orkhon,Тэжээлийн ургамал,Fodder crops,5
26325,Булган,Bulgan,Орхон,Orkhon,"Бэлтгэсэн өвс, хадлан",Hay harvest,5361
26325,Булган,Bulgan,Орхон,Orkhon,Гар тэжээл,Handmade fodder,617.4
26325,Булган,Bulgan,Орхон,Orkhon,Хужир шүү,Mineral fodder,391
26328,Булган,Bulgan,Рашаант,Rashaant,Тэжээлийн ургамал,Fodder crops,977
26328,Булган,Bulgan,Рашаант,Rashaant,"Бэлтгэсэн өвс, хадлан",Hay harvest,1032.95
26328,Булган,Bulgan,Рашаант,Rashaant,Гар тэжээл,Handmade fodder,223.05
26328,Булган,Bulgan,Рашаант,Rashaant,Хужир шүү,Mineral fodder,54.91
26331,Булган,Bulgan,Сайхан,Saikhan,"Бэлтгэсэн өвс, хадлан",Hay harvest,2167
26331,Булган,Bulgan,Сайхан,Saikhan,Гар тэжээл,Handmade fodder,379
26331,Булган,Bulgan,Сайхан,Saikhan,Хужир шүү,Mineral fodder,671
26334,Булган,Bulgan,Сэлэнгэ,Selenge,Тэжээлийн ургамал,Fodder crops,3090
26334,Булган,Bulgan,Сэлэнгэ,Selenge,"Бэлтгэсэн өвс, хадлан",Hay harvest,10065
26334,Булган,Bulgan,Сэлэнгэ,Selenge,Гар тэжээл,Handmade fodder,77.95
26334,Булган,Bulgan,Сэлэнгэ,Selenge,Хужир шүү,Mineral fodder,51.19
26337,Булган,Bulgan,Тэшиг,Teshig,"Бэлтгэсэн өвс, хадлан",Hay harvest,19847.26
26337,Булган,Bulgan,Тэшиг,Teshig,Гар тэжээл,Handmade fodder,51.05
26337,Булган,Bulgan,Тэшиг,Teshig,Хужир шүү,Mineral fodder,327.3
26340,Булган,Bulgan,Хангал,Khangal,Тэжээлийн ургамал,Fodder crops,44
26340,Булган,Bulgan,Хангал,Khangal,"Бэлтгэсэн өвс, хадлан",Hay harvest,9860.5
26340,Булган,Bulgan,Хангал,Khangal,Гар тэжээл,Handmade fodder,124.48
26340,Булган,Bulgan,Хангал,Khangal,Хужир шүү,Mineral fodder,231.22
26343,Булган,Bulgan,Хишиг-Өндөр,Khishig-Undur,"Бэлтгэсэн өвс, хадлан",Hay harvest,2220
26343,Булган,Bulgan,Хишиг-Өндөр,Khishig-Undur,Гар тэжээл,Handmade fodder,492
26343,Булган,Bulgan,Хишиг-Өндөр,Khishig-Undur,Хужир шүү,Mineral fodder,500.5
26346,Булган,Bulgan,Хутаг-Өндөр,Khutag-Undur,Тэжээлийн ургамал,Fodder crops,840
26346,Булган,Bulgan,Хутаг-Өндөр,Khutag-Undur,"Бэлтгэсэн өвс, хадлан",Hay harvest,16332
26346,Булган,Bulgan,Хутаг-Өндөр,Khutag-Undur,Гар тэжээл,Handmade fodder,205.7
26346,Булган,Bulgan,Хутаг-Өндөр,Khutag-Undur,Хужир шүү,Mineral fodder,539.4
26401,Баянхонгор,Bayankhongor,Баянхонгор,Bayankhongor,Тэжээлийн ургамал,Fodder crops,8.8
26401,Баянхонгор,Bayankhongor,Баянхонгор,Bayankhongor,"Бэлтгэсэн өвс, хадлан",Hay harvest,137.2
26401,Баянхонгор,Bayankhongor,Баянхонгор,Bayankhongor,Гар тэжээл,Handmade fodder,65.25
26401,Баянхонгор,Bayankhongor,Баянхонгор,Bayankhongor,Хужир шүү,Mineral fodder,55.15
26404,Баянхонгор,Bayankhongor,Баацагаан,Baatsagaan,"Бэлтгэсэн өвс, хадлан",Hay harvest,173
26404,Баянхонгор,Bayankhongor,Баацагаан,Baatsagaan,Гар тэжээл,Handmade fodder,40
26404,Баянхонгор,Bayankhongor,Баацагаан,Baatsagaan,Хужир шүү,Mineral fodder,374
26407,Баянхонгор,Bayankhongor,Баянбулаг,Bayanbulag,"Бэлтгэсэн өвс, хадлан",Hay harvest,127.5
26407,Баянхонгор,Bayankhongor,Баянбулаг,Bayanbulag,Гар тэжээл,Handmade fodder,3.4
26407,Баянхонгор,Bayankhongor,Баянбулаг,Bayanbulag,Хужир шүү,Mineral fodder,82.5
26410,Баянхонгор,Bayankhongor,Баянговь,Bayangovi,Тэжээлийн ургамал,Fodder crops,25
26410,Баянхонгор,Bayankhongor,Баянговь,Bayangovi,"Бэлтгэсэн өвс, хадлан",Hay harvest,581.25
26410,Баянхонгор,Bayankhongor,Баянговь,Bayangovi,Гар тэжээл,Handmade fodder,4
26410,Баянхонгор,Bayankhongor,Баянговь,Bayangovi,Хужир шүү,Mineral fodder,144.5
26413,Баянхонгор,Bayankhongor,Баянлиг,Bayanlig,Тэжээлийн ургамал,Fodder crops,53.7
26413,Баянхонгор,Bayankhongor,Баянлиг,Bayanlig,"Бэлтгэсэн өвс, хадлан",Hay harvest,386
26413,Баянхонгор,Bayankhongor,Баянлиг,Bayanlig,Гар тэжээл,Handmade fodder,17.4
26413,Баянхонгор,Bayankhongor,Баянлиг,Bayanlig,Хужир шүү,Mineral fodder,75
26416,Баянхонгор,Bayankhongor,Баян-Овоо,Bayan-Ovoo,Тэжээлийн ургамал,Fodder crops,180
26416,Баянхонгор,Bayankhongor,Баян-Овоо,Bayan-Ovoo,"Бэлтгэсэн өвс, хадлан",Hay harvest,942
26416,Баянхонгор,Bayankhongor,Баян-Овоо,Bayan-Ovoo,Гар тэжээл,Handmade fodder,207
26416,Баянхонгор,Bayankhongor,Баян-Овоо,Bayan-Ovoo,Хужир шүү,Mineral fodder,79
26419,Баянхонгор,Bayankhongor,Баян-Өндөр,Bayan-Undur,"Бэлтгэсэн өвс, хадлан",Hay harvest,171.1
26419,Баянхонгор,Bayankhongor,Баян-Өндөр,Bayan-Undur,Гар тэжээл,Handmade fodder,22.39
26419,Баянхонгор,Bayankhongor,Баян-Өндөр,Bayan-Undur,Хужир шүү,Mineral fodder,279.7
26422,Баянхонгор,Bayankhongor,Баянцагаан,Bayantsagaan,Тэжээлийн ургамал,Fodder crops,52
26422,Баянхонгор,Bayankhongor,Баянцагаан,Bayantsagaan,"Бэлтгэсэн өвс, хадлан",Hay harvest,264
26422,Баянхонгор,Bayankhongor,Баянцагаан,Bayantsagaan,Гар тэжээл,Handmade fodder,48.2
26422,Баянхонгор,Bayankhongor,Баянцагаан,Bayantsagaan,Хужир шүү,Mineral fodder,268.8
26425,Баянхонгор,Bayankhongor,Богд,Bogd,"Бэлтгэсэн өвс, хадлан",Hay harvest,1151.8
26425,Баянхонгор,Bayankhongor,Богд,Bogd,Гар тэжээл,Handmade fodder,15.3
26425,Баянхонгор,Bayankhongor,Богд,Bogd,Хужир шүү,Mineral fodder,122
26428,Баянхонгор,Bayankhongor,Бөмбөгөр,Bumbugur,Тэжээлийн ургамал,Fodder crops,94
26428,Баянхонгор,Bayankhongor,Бөмбөгөр,Bumbugur,"Бэлтгэсэн өвс, хадлан",Hay harvest,192
26428,Баянхонгор,Bayankhongor,Бөмбөгөр,Bumbugur,Гар тэжээл,Handmade fodder,0.5
26428,Баянхонгор,Bayankhongor,Бөмбөгөр,Bumbugur,Хужир шүү,Mineral fodder,179.5
26434,Баянхонгор,Bayankhongor,Галуут,Galuut,Тэжээлийн ургамал,Fodder crops,14.6
26434,Баянхонгор,Bayankhongor,Галуут,Galuut,"Бэлтгэсэн өвс, хадлан",Hay harvest,327.25
26434,Баянхонгор,Bayankhongor,Галуут,Galuut,Гар тэжээл,Handmade fodder,8.1
26434,Баянхонгор,Bayankhongor,Галуут,Galuut,Хужир шүү,Mineral fodder,39.92
26437,Баянхонгор,Bayankhongor,Гурванбулаг,Gurvanbulag,"Бэлтгэсэн өвс, хадлан",Hay harvest,270
26437,Баянхонгор,Bayankhongor,Гурванбулаг,Gurvanbulag,Гар тэжээл,Handmade fodder,9.3
26437,Баянхонгор,Bayankhongor,Гурванбулаг,Gurvanbulag,Хужир шүү,Mineral fodder,540
26440,Баянхонгор,Bayankhongor,Жаргалант,Jargalant,Тэжээлийн ургамал,Fodder crops,106
26440,Баянхонгор,Bayankhongor,Жаргалант,Jargalant,"Бэлтгэсэн өвс, хадлан",Hay harvest,489
26440,Баянхонгор,Bayankhongor,Жаргалант,Jargalant,Хужир шүү,Mineral fodder,58
26443,Баянхонгор,Bayankhongor,Жинст,Jinst,Тэжээлийн ургамал,Fodder crops,15
26443,Баянхонгор,Bayankhongor,Жинст,Jinst,"Бэлтгэсэн өвс, хадлан",Hay harvest,348.4
26443,Баянхонгор,Bayankhongor,Жинст,Jinst,Гар тэжээл,Handmade fodder,1.2
26443,Баянхонгор,Bayankhongor,Жинст,Jinst,Хужир шүү,Mineral fodder,55.6
26446,Баянхонгор,Bayankhongor,Заг,Zag,"Бэлтгэсэн өвс, хадлан",Hay harvest,192.7
26446,Баянхонгор,Bayankhongor,Заг,Zag,Гар тэжээл,Handmade fodder,12.12
26446,Баянхонгор,Bayankhongor,Заг,Zag,Хужир шүү,Mineral fodder,67.5
26449,Баянхонгор,Bayankhongor,Өлзийт,Ulziit,Тэжээлийн ургамал,Fodder crops,46.2
26449,Баянхонгор,Bayankhongor,Өлзийт,Ulziit,"Бэлтгэсэн өвс, хадлан",Hay harvest,576.2
26449,Баянхонгор,Bayankhongor,Өлзийт,Ulziit,Гар тэжээл,Handmade fodder,63.3
26449,Баянхонгор,Bayankhongor,Өлзийт,Ulziit,Хужир шүү,Mineral fodder,78.4
26452,Баянхонгор,Bayankhongor,Хүрээмарал,Khureemaral,Тэжээлийн ургамал,Fodder crops,70
26452,Баянхонгор,Bayankhongor,Хүрээмарал,Khureemaral,"Бэлтгэсэн өвс, хадлан",Hay harvest,121.8
26452,Баянхонгор,Bayankhongor,Хүрээмарал,Khureemaral,Гар тэжээл,Handmade fodder,25
26452,Баянхонгор,Bayankhongor,Хүрээмарал,Khureemaral,Хужир шүү,Mineral fodder,287.1
26455,Баянхонгор,Bayankhongor,Шинэжинст,Shinejinst,"Бэлтгэсэн өвс, хадлан",Hay harvest,16
26455,Баянхонгор,Bayankhongor,Шинэжинст,Shinejinst,Гар тэжээл,Handmade fodder,20
26455,Баянхонгор,Bayankhongor,Шинэжинст,Shinejinst,Хужир шүү,Mineral fodder,25.3
26458,Баянхонгор,Bayankhongor,Эрдэнэцогт,Erdenetsogt,Тэжээлийн ургамал,Fodder crops,184.8
26458,Баянхонгор,Bayankhongor,Эрдэнэцогт,Erdenetsogt,"Бэлтгэсэн өвс, хадлан",Hay harvest,522.6
26458,Баянхонгор,Bayankhongor,Эрдэнэцогт,Erdenetsogt,Гар тэжээл,Handmade fodder,6.72
26458,Баянхонгор,Bayankhongor,Эрдэнэцогт,Erdenetsogt,Хужир шүү,Mineral fodder,181.34
26501,Архангай,Arkhangai,Эрдэнэбулган,Erdenebulgan,Тэжээлийн ургамал,Fodder crops,1100
26501,Архангай,Arkhangai,Эрдэнэбулган,Erdenebulgan,"Бэлтгэсэн өвс, хадлан",Hay harvest,6242.3
26501,Архангай,Arkhangai,Эрдэнэбулган,Erdenebulgan,Гар тэжээл,Handmade fodder,75.23
26501,Архангай,Arkhangai,Эрдэнэбулган,Erdenebulgan,Хужир шүү,Mineral fodder,213
26504,Архангай,Arkhangai,Батцэнгэл,Battsengel,"Бэлтгэсэн өвс, хадлан",Hay harvest,5250.2
26504,Архангай,Arkhangai,Батцэнгэл,Battsengel,Гар тэжээл,Handmade fodder,77
26504,Архангай,Arkhangai,Батцэнгэл,Battsengel,Хужир шүү,Mineral fodder,1
26516,Архангай,Arkhangai,Өгийнуур,Ugiinuur,Тэжээлийн ургамал,Fodder crops,30
26516,Архангай,Arkhangai,Өгийнуур,Ugiinuur,"Бэлтгэсэн өвс, хадлан",Hay harvest,2990.4
26516,Архангай,Arkhangai,Өгийнуур,Ugiinuur,Гар тэжээл,Handmade fodder,70.51
26516,Архангай,Arkhangai,Өгийнуур,Ugiinuur,Хужир шүү,Mineral fodder,616
26519,Архангай,Arkhangai,Өлзийт,Ulziit,Тэжээлийн ургамал,Fodder crops,210
26519,Архангай,Arkhangai,Өлзийт,Ulziit,"Бэлтгэсэн өвс, хадлан",Hay harvest,4838
26519,Архангай,Arkhangai,Өлзийт,Ulziit,Гар тэжээл,Handmade fodder,180
26522,Архангай,Arkhangai,Өндөр-Улаан,Undur-Ulaan,Тэжээлийн ургамал,Fodder crops,5
26522,Архангай,Arkhangai,Өндөр-Улаан,Undur-Ulaan,"Бэлтгэсэн өвс, хадлан",Hay harvest,4661
26522,Архангай,Arkhangai,Өндөр-Улаан,Undur-Ulaan,Гар тэжээл,Handmade fodder,369.5
26522,Архангай,Arkhangai,Өндөр-Улаан,Undur-Ulaan,Хужир шүү,Mineral fodder,5
26525,Архангай,Arkhangai,Тариат,Tariat,Тэжээлийн ургамал,Fodder crops,38
26525,Архангай,Arkhangai,Тариат,Tariat,"Бэлтгэсэн өвс, хадлан",Hay harvest,2987.3
26525,Архангай,Arkhangai,Тариат,Tariat,Гар тэжээл,Handmade fodder,70.6
26528,Архангай,Arkhangai,Төвшрүүлэх,Tuvshruulekh,Тэжээлийн ургамал,Fodder crops,75
26528,Архангай,Arkhangai,Төвшрүүлэх,Tuvshruulekh,"Бэлтгэсэн өвс, хадлан",Hay harvest,4223
26528,Архангай,Arkhangai,Төвшрүүлэх,Tuvshruulekh,Гар тэжээл,Handmade fodder,44.498
26528,Архангай,Arkhangai,Төвшрүүлэх,Tuvshruulekh,Хужир шүү,Mineral fodder,180.5
26531,Архангай,Arkhangai,Хайрхан,"2-r bag, Khairkhan",Тэжээлийн ургамал,Fodder crops,617
26531,Архангай,Arkhangai,Хайрхан,"2-r bag, Khairkhan","Бэлтгэсэн өвс, хадлан",Hay harvest,5204.5
26531,Архангай,Arkhangai,Хайрхан,"2-r bag, Khairkhan",Гар тэжээл,Handmade fodder,329.3
26531,Архангай,Arkhangai,Хайрхан,"2-r bag, Khairkhan",Хужир шүү,Mineral fodder,210.8
26534,Архангай,Arkhangai,Хангайн бүс,Khangai region,Тэжээлийн ургамал,Fodder crops,3
26534,Архангай,Arkhangai,Хангайн бүс,Khangai region,"Бэлтгэсэн өвс, хадлан",Hay harvest,1082.1
26534,Архангай,Arkhangai,Хангайн бүс,Khangai region,Гар тэжээл,Handmade fodder,21.4
26534,Архангай,Arkhangai,Хангайн бүс,Khangai region,Хужир шүү,Mineral fodder,6.5
26537,Архангай,Arkhangai,Хашаат,Khashaat,Тэжээлийн ургамал,Fodder crops,4
26537,Архангай,Arkhangai,Хашаат,Khashaat,"Бэлтгэсэн өвс, хадлан",Hay harvest,3756.3
26537,Архангай,Arkhangai,Хашаат,Khashaat,Гар тэжээл,Handmade fodder,67.1
26537,Архангай,Arkhangai,Хашаат,Khashaat,Хужир шүү,Mineral fodder,129
26540,Архангай,Arkhangai,Хотонт,Khotont,Тэжээлийн ургамал,Fodder crops,122
26540,Архангай,Arkhangai,Хотонт,Khotont,"Бэлтгэсэн өвс, хадлан",Hay harvest,6299
26540,Архангай,Arkhangai,Хотонт,Khotont,Гар тэжээл,Handmade fodder,125.24
26540,Архангай,Arkhangai,Хотонт,Khotont,Хужир шүү,Mineral fodder,57.5
26543,Архангай,Arkhangai,Цахир,Tsakhir,Тэжээлийн ургамал,Fodder crops,160.7
26543,Архангай,Arkhangai,Цахир,Tsakhir,"Бэлтгэсэн өвс, хадлан",Hay harvest,2491
26543,Архангай,Arkhangai,Цахир,Tsakhir,Гар тэжээл,Handmade fodder,1.9
26543,Архангай,Arkhangai,Цахир,Tsakhir,Хужир шүү,Mineral fodder,40.4
26549,Архангай,Arkhangai,Цэцэрлэг,Tsetserleg,Тэжээлийн ургамал,Fodder crops,26
26549,Архангай,Arkhangai,Цэцэрлэг,Tsetserleg,"Бэлтгэсэн өвс, хадлан",Hay harvest,4621
26549,Архангай,Arkhangai,Цэцэрлэг,Tsetserleg,Гар тэжээл,Handmade fodder,83
26549,Архангай,Arkhangai,Цэцэрлэг,Tsetserleg,Хужир шүү,Mineral fodder,1
26552,Архангай,Arkhangai,Чулуут,Chuluut,Тэжээлийн ургамал,Fodder crops,25
26552,Архангай,Arkhangai,Чулуут,Chuluut,"Бэлтгэсэн өвс, хадлан",Hay harvest,3081.7
26552,Архангай,Arkhangai,Чулуут,Chuluut,Гар тэжээл,Handmade fodder,112
26555,Архангай,Arkhangai,Эрдэнэмандал,Erdenemandal,"Бэлтгэсэн өвс, хадлан",Hay harvest,6215
26555,Архангай,Arkhangai,Эрдэнэмандал,Erdenemandal,Гар тэжээл,Handmade fodder,112.5
26555,Архангай,Arkhangai,Эрдэнэмандал,Erdenemandal,Хужир шүү,Mineral fodder,4
26701,Хөвсгөл,Khuvsgul,Мөрөн,Murun,Тэжээлийн ургамал,Fodder crops,50
26701,Хөвсгөл,Khuvsgul,Мөрөн,Murun,"Бэлтгэсэн өвс, хадлан",Hay harvest,9957.25
26701,Хөвсгөл,Khuvsgul,Мөрөн,Murun,Гар тэжээл,Handmade fodder,50.96
26701,Хөвсгөл,Khuvsgul,Мөрөн,Murun,Хужир шүү,Mineral fodder,868.855
26704,Хөвсгөл,Khuvsgul,Алаг-Эрдэнэ,Alag-Erdene,"Бэлтгэсэн өвс, хадлан",Hay harvest,10458.5
26704,Хөвсгөл,Khuvsgul,Алаг-Эрдэнэ,Alag-Erdene,Гар тэжээл,Handmade fodder,37.95
26704,Хөвсгөл,Khuvsgul,Алаг-Эрдэнэ,Alag-Erdene,Хужир шүү,Mineral fodder,1128.92
26707,Хөвсгөл,Khuvsgul,Арбулаг,Arbulag,Тэжээлийн ургамал,Fodder crops,20
26707,Хөвсгөл,Khuvsgul,Арбулаг,Arbulag,"Бэлтгэсэн өвс, хадлан",Hay harvest,5346.6
26707,Хөвсгөл,Khuvsgul,Арбулаг,Arbulag,Хужир шүү,Mineral fodder,715
26710,Хөвсгөл,Khuvsgul,Баянзүрх,Bayanzurkh,Тэжээлийн ургамал,Fodder crops,0
26710,Хөвсгөл,Khuvsgul,Баянзүрх,Bayanzurkh,"Бэлтгэсэн өвс, хадлан",Hay harvest,12163
26710,Хөвсгөл,Khuvsgul,Баянзүрх,Bayanzurkh,Гар тэжээл,Handmade fodder,15.7
26710,Хөвсгөл,Khuvsgul,Баянзүрх,Bayanzurkh,Хужир шүү,Mineral fodder,809.45
26713,Хөвсгөл,Khuvsgul,Бүрэнтогтох,Burentogtokh,Тэжээлийн ургамал,Fodder crops,308
26713,Хөвсгөл,Khuvsgul,Бүрэнтогтох,Burentogtokh,"Бэлтгэсэн өвс, хадлан",Hay harvest,9644.5
26713,Хөвсгөл,Khuvsgul,Бүрэнтогтох,Burentogtokh,Гар тэжээл,Handmade fodder,15.6
26713,Хөвсгөл,Khuvsgul,Бүрэнтогтох,Burentogtokh,Хужир шүү,Mineral fodder,1514.7
26716,Хөвсгөл,Khuvsgul,Галт,Galt,Тэжээлийн ургамал,Fodder crops,132
26716,Хөвсгөл,Khuvsgul,Галт,Galt,"Бэлтгэсэн өвс, хадлан",Hay harvest,10552
26716,Хөвсгөл,Khuvsgul,Галт,Galt,Гар тэжээл,Handmade fodder,15.5
26716,Хөвсгөл,Khuvsgul,Галт,Galt,Хужир шүү,Mineral fodder,715.5
26719,Хөвсгөл,Khuvsgul,Жаргалант,Jargalant,"Бэлтгэсэн өвс, хадлан",Hay harvest,11222.4
26719,Хөвсгөл,Khuvsgul,Жаргалант,Jargalant,Гар тэжээл,Handmade fodder,30.26
26719,Хөвсгөл,Khuvsgul,Жаргалант,Jargalant,Хужир шүү,Mineral fodder,666.2
26722,Хөвсгөл,Khuvsgul,Их-Уул,Ikh-Uul,Тэжээлийн ургамал,Fodder crops,165
26722,Хөвсгөл,Khuvsgul,Их-Уул,Ikh-Uul,"Бэлтгэсэн өвс, хадлан",Hay harvest,17257.103
26722,Хөвсгөл,Khuvsgul,Их-Уул,Ikh-Uul,Гар тэжээл,Handmade fodder,198.45
26722,Хөвсгөл,Khuvsgul,Их-Уул,Ikh-Uul,Хужир шүү,Mineral fodder,711.46
26725,Хөвсгөл,Khuvsgul,Рашаант,Rashaant,"Бэлтгэсэн өвс, хадлан",Hay harvest,7791
26725,Хөвсгөл,Khuvsgul,Рашаант,Rashaant,Гар тэжээл,Handmade fodder,184.541
26725,Хөвсгөл,Khuvsgul,Рашаант,Rashaant,Хужир шүү,Mineral fodder,1130.569
26728,Хөвсгөл,Khuvsgul,Рэнчинлхүмбэ,Renchinlkhumbe,Тэжээлийн ургамал,Fodder crops,30
26728,Хөвсгөл,Khuvsgul,Рэнчинлхүмбэ,Renchinlkhumbe,"Бэлтгэсэн өвс, хадлан",Hay harvest,9606.5
26728,Хөвсгөл,Khuvsgul,Рэнчинлхүмбэ,Renchinlkhumbe,Гар тэжээл,Handmade fodder,85.561
26728,Хөвсгөл,Khuvsgul,Рэнчинлхүмбэ,Renchinlkhumbe,Хужир шүү,Mineral fodder,696.125
26731,Хөвсгөл,Khuvsgul,Тариалан,Tarialan,Тэжээлийн ургамал,Fodder crops,127
26731,Хөвсгөл,Khuvsgul,Тариалан,Tarialan,"Бэлтгэсэн өвс, хадлан",Hay harvest,32007.25
26731,Хөвсгөл,Khuvsgul,Тариалан,Tarialan,Гар тэжээл,Handmade fodder,35.53
26731,Хөвсгөл,Khuvsgul,Тариалан,Tarialan,Хужир шүү,Mineral fodder,462.45
26734,Хөвсгөл,Khuvsgul,Тосонцэнгэл,Tosontsengel,Тэжээлийн ургамал,Fodder crops,22
26734,Хөвсгөл,Khuvsgul,Тосонцэнгэл,Tosontsengel,"Бэлтгэсэн өвс, хадлан",Hay harvest,9348
26734,Хөвсгөл,Khuvsgul,Тосонцэнгэл,Tosontsengel,Гар тэжээл,Handmade fodder,95.35
26734,Хөвсгөл,Khuvsgul,Тосонцэнгэл,Tosontsengel,Хужир шүү,Mineral fodder,813.66
26737,Хөвсгөл,Khuvsgul,Төмөрбулаг,Tumurbulag,"Бэлтгэсэн өвс, хадлан",Hay harvest,12441.33
26737,Хөвсгөл,Khuvsgul,Төмөрбулаг,Tumurbulag,Гар тэжээл,Handmade fodder,11.641
26737,Хөвсгөл,Khuvsgul,Төмөрбулаг,Tumurbulag,Хужир шүү,Mineral fodder,799.9
26740,Хөвсгөл,Khuvsgul,Түнэл,Tunel,Тэжээлийн ургамал,Fodder crops,360
26740,Хөвсгөл,Khuvsgul,Түнэл,Tunel,"Бэлтгэсэн өвс, хадлан",Hay harvest,8653.8
26740,Хөвсгөл,Khuvsgul,Түнэл,Tunel,Гар тэжээл,Handmade fodder,22.9
26740,Хөвсгөл,Khuvsgul,Түнэл,Tunel,Хужир шүү,Mineral fodder,1070.7
26743,Хөвсгөл,Khuvsgul,Улаан-Уул,Ulaan-Uul,Тэжээлийн ургамал,Fodder crops,1.8
26743,Хөвсгөл,Khuvsgul,Улаан-Уул,Ulaan-Uul,"Бэлтгэсэн өвс, хадлан",Hay harvest,10498.07
26743,Хөвсгөл,Khuvsgul,Улаан-Уул,Ulaan-Uul,Гар тэжээл,Handmade fodder,33.923
26743,Хөвсгөл,Khuvsgul,Улаан-Уул,Ulaan-Uul,Хужир шүү,Mineral fodder,903.46
26746,Хөвсгөл,Khuvsgul,Ханх,Khankh,"Бэлтгэсэн өвс, хадлан",Hay harvest,7053.4
26746,Хөвсгөл,Khuvsgul,Ханх,Khankh,Гар тэжээл,Handmade fodder,20
26746,Хөвсгөл,Khuvsgul,Ханх,Khankh,Хужир шүү,Mineral fodder,610.5
26749,Хөвсгөл,Khuvsgul,Цагааннуур,Tsagaannuur,"Бэлтгэсэн өвс, хадлан",Hay harvest,958.1
26749,Хөвсгөл,Khuvsgul,Цагааннуур,Tsagaannuur,Гар тэжээл,Handmade fodder,4.1
26749,Хөвсгөл,Khuvsgul,Цагааннуур,Tsagaannuur,Хужир шүү,Mineral fodder,170.59
26752,Хөвсгөл,Khuvsgul,Цагаан-Уул,Tsagaan-Uul,Тэжээлийн ургамал,Fodder crops,106
26752,Хөвсгөл,Khuvsgul,Цагаан-Уул,Tsagaan-Uul,"Бэлтгэсэн өвс, хадлан",Hay harvest,14059.001
26752,Хөвсгөл,Khuvsgul,Цагаан-Уул,Tsagaan-Uul,Гар тэжээл,Handmade fodder,21.28
26752,Хөвсгөл,Khuvsgul,Цагаан-Уул,Tsagaan-Uul,Хужир шүү,Mineral fodder,946.9
26755,Хөвсгөл,Khuvsgul,Цагаан-Үүр,Tsagaan-Uur,"Бэлтгэсэн өвс, хадлан",Hay harvest,32329.5
26755,Хөвсгөл,Khuvsgul,Цагаан-Үүр,Tsagaan-Uur,Гар тэжээл,Handmade fodder,0.05
26755,Хөвсгөл,Khuvsgul,Цагаан-Үүр,Tsagaan-Uur,Хужир шүү,Mineral fodder,1853.15
26758,Хөвсгөл,Khuvsgul,Цэцэрлэг,Tsetserleg,"Бэлтгэсэн өвс, хадлан",Hay harvest,17149.5
26758,Хөвсгөл,Khuvsgul,Цэцэрлэг,Tsetserleg,Гар тэжээл,Handmade fodder,17.3
26758,Хөвсгөл,Khuvsgul,Цэцэрлэг,Tsetserleg,Хужир шүү,Mineral fodder,841
26761,Хөвсгөл,Khuvsgul,Чандмань-Өндөр,Chandmani-Undur,Тэжээлийн ургамал,Fodder crops,0
26761,Хөвсгөл,Khuvsgul,Чандмань-Өндөр,Chandmani-Undur,"Бэлтгэсэн өвс, хадлан",Hay harvest,7831.95
26761,Хөвсгөл,Khuvsgul,Чандмань-Өндөр,Chandmani-Undur,Гар тэжээл,Handmade fodder,15.85
26761,Хөвсгөл,Khuvsgul,Чандмань-Өндөр,Chandmani-Undur,Хужир шүү,Mineral fodder,297.07
26764,Хөвсгөл,Khuvsgul,Шинэ-Идэр,Shine-Ider,"Бэлтгэсэн өвс, хадлан",Hay harvest,3210.5
26764,Хөвсгөл,Khuvsgul,Шинэ-Идэр,Shine-Ider,Гар тэжээл,Handmade fodder,22.901
26764,Хөвсгөл,Khuvsgul,Шинэ-Идэр,Shine-Ider,Хужир шүү,Mineral fodder,359.42
26767,Хөвсгөл,Khuvsgul,Эрдэнэбулган,Erdenebulgan,Тэжээлийн ургамал,Fodder crops,25
26767,Хөвсгөл,Khuvsgul,Эрдэнэбулган,Erdenebulgan,"Бэлтгэсэн өвс, хадлан",Hay harvest,10708.02
26767,Хөвсгөл,Khuvsgul,Эрдэнэбулган,Erdenebulgan,Хужир шүү,Mineral fodder,123.1
34101,Төв,Tuv,Зуунмод,Zuunmod,Тэжээлийн ургамал,Fodder crops,244.7
34101,Төв,Tuv,Зуунмод,Zuunmod,"Бэлтгэсэн өвс, хадлан",Hay harvest,1860.53
34101,Төв,Tuv,Зуунмод,Zuunmod,Гар тэжээл,Handmade fodder,189.18
34101,Төв,Tuv,Зуунмод,Zuunmod,Хужир шүү,Mineral fodder,131.55
34104,Төв,Tuv,Алтанбулаг,Altanbulag,Тэжээлийн ургамал,Fodder crops,90
34104,Төв,Tuv,Алтанбулаг,Altanbulag,"Бэлтгэсэн өвс, хадлан",Hay harvest,3007.9
34104,Төв,Tuv,Алтанбулаг,Altanbulag,Гар тэжээл,Handmade fodder,424.65
34104,Төв,Tuv,Алтанбулаг,Altanbulag,Хужир шүү,Mineral fodder,844.79
34110,Төв,Tuv,Архуст,Arkhust,Тэжээлийн ургамал,Fodder crops,2975
34110,Төв,Tuv,Архуст,Arkhust,"Бэлтгэсэн өвс, хадлан",Hay harvest,1606.82
34110,Төв,Tuv,Архуст,Arkhust,Гар тэжээл,Handmade fodder,420.65
34110,Төв,Tuv,Архуст,Arkhust,Хужир шүү,Mineral fodder,157.74
34113,Төв,Tuv,Батсүмбэр,Batsumber,Тэжээлийн ургамал,Fodder crops,8448
34113,Төв,Tuv,Батсүмбэр,Batsumber,"Бэлтгэсэн өвс, хадлан",Hay harvest,12578
34113,Төв,Tuv,Батсүмбэр,Batsumber,Гар тэжээл,Handmade fodder,30.4
34113,Төв,Tuv,Батсүмбэр,Batsumber,Хужир шүү,Mineral fodder,834.46
34116,Төв,Tuv,Баян,Bayan,Тэжээлийн ургамал,Fodder crops,20
34116,Төв,Tuv,Баян,Bayan,"Бэлтгэсэн өвс, хадлан",Hay harvest,1006.2056
34116,Төв,Tuv,Баян,Bayan,Гар тэжээл,Handmade fodder,70.95
34116,Төв,Tuv,Баян,Bayan,Хужир шүү,Mineral fodder,245
34119,Төв,Tuv,Баяндэлгэр,Bayandelger,Тэжээлийн ургамал,Fodder crops,1032
34119,Төв,Tuv,Баяндэлгэр,Bayandelger,"Бэлтгэсэн өвс, хадлан",Hay harvest,2336.35
34119,Төв,Tuv,Баяндэлгэр,Bayandelger,Гар тэжээл,Handmade fodder,756.18
34119,Төв,Tuv,Баяндэлгэр,Bayandelger,Хужир шүү,Mineral fodder,430.7
34122,Төв,Tuv,Баянжаргалан,Bayanjargalan,"Бэлтгэсэн өвс, хадлан",Hay harvest,612.4
34122,Төв,Tuv,Баянжаргалан,Bayanjargalan,Гар тэжээл,Handmade fodder,94.9
34122,Төв,Tuv,Баянжаргалан,Bayanjargalan,Хужир шүү,Mineral fodder,278.1
34125,Төв,Tuv,Баян-Өнжүүл,Bayan-Unjuul,Тэжээлийн ургамал,Fodder crops,0
34125,Төв,Tuv,Баян-Өнжүүл,Bayan-Unjuul,"Бэлтгэсэн өвс, хадлан",Hay harvest,1113.82
34125,Төв,Tuv,Баян-Өнжүүл,Bayan-Unjuul,Гар тэжээл,Handmade fodder,139.2
34125,Төв,Tuv,Баян-Өнжүүл,Bayan-Unjuul,Хужир шүү,Mineral fodder,823.5
34128,Төв,Tuv,Баянхангай,Bayankhangai,"Бэлтгэсэн өвс, хадлан",Hay harvest,891.9
34128,Төв,Tuv,Баянхангай,Bayankhangai,Гар тэжээл,Handmade fodder,141.35
34128,Төв,Tuv,Баянхангай,Bayankhangai,Хужир шүү,Mineral fodder,245.8
34131,Төв,Tuv,Баянцагаан,Bayantsagaan,"Бэлтгэсэн өвс, хадлан",Hay harvest,639
34131,Төв,Tuv,Баянцагаан,Bayantsagaan,Гар тэжээл,Handmade fodder,106.55
34131,Төв,Tuv,Баянцагаан,Bayantsagaan,Хужир шүү,Mineral fodder,219.3
34137,Төв,Tuv,Баянчандмань,Bayanchandmani,Тэжээлийн ургамал,Fodder crops,6400
34137,Төв,Tuv,Баянчандмань,Bayanchandmani,"Бэлтгэсэн өвс, хадлан",Hay harvest,3225.3
34137,Төв,Tuv,Баянчандмань,Bayanchandmani,Гар тэжээл,Handmade fodder,355.22
34137,Төв,Tuv,Баянчандмань,Bayanchandmani,Хужир шүү,Mineral fodder,277.91
34140,Төв,Tuv,Борнуур,Bornuur,Тэжээлийн ургамал,Fodder crops,1800
34140,Төв,Tuv,Борнуур,Bornuur,"Бэлтгэсэн өвс, хадлан",Hay harvest,10061.5
34140,Төв,Tuv,Борнуур,Bornuur,Гар тэжээл,Handmade fodder,299
34140,Төв,Tuv,Борнуур,Bornuur,Хужир шүү,Mineral fodder,1673.8
34143,Төв,Tuv,Бүрэн,Buren,Тэжээлийн ургамал,Fodder crops,0.3
34143,Төв,Tuv,Бүрэн,Buren,"Бэлтгэсэн өвс, хадлан",Hay harvest,1046
34143,Төв,Tuv,Бүрэн,Buren,Гар тэжээл,Handmade fodder,99.1
34143,Төв,Tuv,Бүрэн,Buren,Хужир шүү,Mineral fodder,766.3
34146,Төв,Tuv,Дэлгэрхаан,Delgerkhaan,"Бэлтгэсэн өвс, хадлан",Hay harvest,868.82
34146,Төв,Tuv,Дэлгэрхаан,Delgerkhaan,Гар тэжээл,Handmade fodder,187.3
34146,Төв,Tuv,Дэлгэрхаан,Delgerkhaan,Хужир шүү,Mineral fodder,130.4
34149,Төв,Tuv,Жаргалант,Jargalant,Тэжээлийн ургамал,Fodder crops,1888
34149,Төв,Tuv,Жаргалант,Jargalant,"Бэлтгэсэн өвс, хадлан",Hay harvest,5099
34149,Төв,Tuv,Жаргалант,Jargalant,Гар тэжээл,Handmade fodder,97.2
34149,Төв,Tuv,Жаргалант,Jargalant,Хужир шүү,Mineral fodder,555.09
34152,Төв,Tuv,Заамар,Zaamar,Тэжээлийн ургамал,Fodder crops,222
34152,Төв,Tuv,Заамар,Zaamar,"Бэлтгэсэн өвс, хадлан",Hay harvest,2352.57
34152,Төв,Tuv,Заамар,Zaamar,Гар тэжээл,Handmade fodder,78.35
34152,Төв,Tuv,Заамар,Zaamar,Хужир шүү,Mineral fodder,602
34155,Төв,Tuv,Лүн,Lun,Тэжээлийн ургамал,Fodder crops,1395
34155,Төв,Tuv,Лүн,Lun,"Бэлтгэсэн өвс, хадлан",Hay harvest,2481
34155,Төв,Tuv,Лүн,Lun,Гар тэжээл,Handmade fodder,349
34155,Төв,Tuv,Лүн,Lun,Хужир шүү,Mineral fodder,664.5
34158,Төв,Tuv,Мөнгөнморьт,Mungunmorit,Тэжээлийн ургамал,Fodder crops,712.6
34158,Төв,Tuv,Мөнгөнморьт,Mungunmorit,"Бэлтгэсэн өвс, хадлан",Hay harvest,3807.3
34158,Төв,Tuv,Мөнгөнморьт,Mungunmorit,Гар тэжээл,Handmade fodder,226.5
34158,Төв,Tuv,Мөнгөнморьт,Mungunmorit,Хужир шүү,Mineral fodder,85.8
34161,Төв,Tuv,Өндөрширээт,Undurshireet,Тэжээлийн ургамал,Fodder crops,350.9
34161,Төв,Tuv,Өндөрширээт,Undurshireet,"Бэлтгэсэн өвс, хадлан",Hay harvest,1861.85
34161,Төв,Tuv,Өндөрширээт,Undurshireet,Гар тэжээл,Handmade fodder,166.9
34161,Төв,Tuv,Өндөрширээт,Undurshireet,Хужир шүү,Mineral fodder,823.5
34164,Төв,Tuv,Сүмбэр,Sumber,Тэжээлийн ургамал,Fodder crops,991
34164,Төв,Tuv,Сүмбэр,Sumber,"Бэлтгэсэн өвс, хадлан",Hay harvest,2528
34164,Төв,Tuv,Сүмбэр,Sumber,Гар тэжээл,Handmade fodder,136
34164,Төв,Tuv,Сүмбэр,Sumber,Хужир шүү,Mineral fodder,373.8
34167,Төв,Tuv,Сэргэлэн,Sergelen,Тэжээлийн ургамал,Fodder crops,1493
34167,Төв,Tuv,Сэргэлэн,Sergelen,"Бэлтгэсэн өвс, хадлан",Hay harvest,1569.9
34167,Төв,Tuv,Сэргэлэн,Sergelen,Гар тэжээл,Handmade fodder,146.4
34167,Төв,Tuv,Сэргэлэн,Sergelen,Хужир шүү,Mineral fodder,725.71
34173,Төв,Tuv,Цээл,Tseel,Тэжээлийн ургамал,Fodder crops,2324.8
34173,Төв,Tuv,Цээл,Tseel,"Бэлтгэсэн өвс, хадлан",Hay harvest,3260.4
34173,Төв,Tuv,Цээл,Tseel,Гар тэжээл,Handmade fodder,23.5
34173,Төв,Tuv,Цээл,Tseel,Хужир шүү,Mineral fodder,233.2
34176,Төв,Tuv,Эрдэнэ,Erdene,Тэжээлийн ургамал,Fodder crops,536
34176,Төв,Tuv,Эрдэнэ,Erdene,"Бэлтгэсэн өвс, хадлан",Hay harvest,11088.85
34176,Төв,Tuv,Эрдэнэ,Erdene,Гар тэжээл,Handmade fodder,1019.51
34176,Төв,Tuv,Эрдэнэ,Erdene,Хужир шүү,Mineral fodder,510.36
34179,Төв,Tuv,Эрдэнэсант,Erdenesant,Тэжээлийн ургамал,Fodder crops,2652
34179,Төв,Tuv,Эрдэнэсант,Erdenesant,"Бэлтгэсэн өвс, хадлан",Hay harvest,5194
34179,Төв,Tuv,Эрдэнэсант,Erdenesant,Гар тэжээл,Handmade fodder,465.4
34179,Төв,Tuv,Эрдэнэсант,Erdenesant,Хужир шүү,Mineral fodder,871.6
34201,Говьсүмбэр,Govisumber,Сүмбэр,Sumber,Тэжээлийн ургамал,Fodder crops,50
34201,Говьсүмбэр,Govisumber,Сүмбэр,Sumber,"Бэлтгэсэн өвс, хадлан",Hay harvest,1359.28
34201,Говьсүмбэр,Govisumber,Сүмбэр,Sumber,Гар тэжээл,Handmade fodder,90.85
34201,Говьсүмбэр,Govisumber,Сүмбэр,Sumber,Хужир шүү,Mineral fodder,244.85
34204,Говьсүмбэр,Govisumber,Баянтал,Bayantal,Тэжээлийн ургамал,Fodder crops,2.65
34204,Говьсүмбэр,Govisumber,Баянтал,Bayantal,"Бэлтгэсэн өвс, хадлан",Hay harvest,268.26
34204,Говьсүмбэр,Govisumber,Баянтал,Bayantal,Гар тэжээл,Handmade fodder,9.47
34204,Говьсүмбэр,Govisumber,Баянтал,Bayantal,Хужир шүү,Mineral fodder,232
34207,Говьсүмбэр,Govisumber,Шивээговь,Shiveegovi,"Бэлтгэсэн өвс, хадлан",Hay harvest,497.83
34207,Говьсүмбэр,Govisumber,Шивээговь,Shiveegovi,Гар тэжээл,Handmade fodder,38.93
34207,Говьсүмбэр,Govisumber,Шивээговь,Shiveegovi,Хужир шүү,Mineral fodder,30.87
34301,Сэлэнгэ,Selenge,Сүхбаатар,Sukhbaatar,"Бэлтгэсэн өвс, хадлан",Hay harvest,4586.3
34301,Сэлэнгэ,Selenge,Сүхбаатар,Sukhbaatar,Гар тэжээл,Handmade fodder,19.4
34301,Сэлэнгэ,Selenge,Сүхбаатар,Sukhbaatar,Хужир шүү,Mineral fodder,191.81
34304,Сэлэнгэ,Selenge,Алтанбулаг,Altanbulag,Тэжээлийн ургамал,Fodder crops,530
34304,Сэлэнгэ,Selenge,Алтанбулаг,Altanbulag,"Бэлтгэсэн өвс, хадлан",Hay harvest,6860
34304,Сэлэнгэ,Selenge,Алтанбулаг,Altanbulag,Хужир шүү,Mineral fodder,127
34307,Сэлэнгэ,Selenge,Баруунбүрэн,Baruunburen,Тэжээлийн ургамал,Fodder crops,300
34307,Сэлэнгэ,Selenge,Баруунбүрэн,Baruunburen,"Бэлтгэсэн өвс, хадлан",Hay harvest,15097.5
34307,Сэлэнгэ,Selenge,Баруунбүрэн,Baruunburen,Гар тэжээл,Handmade fodder,53.35
34307,Сэлэнгэ,Selenge,Баруунбүрэн,Baruunburen,Хужир шүү,Mineral fodder,414.8
34310,Сэлэнгэ,Selenge,Баянгол,Bayangol,Тэжээлийн ургамал,Fodder crops,225
34310,Сэлэнгэ,Selenge,Баянгол,Bayangol,"Бэлтгэсэн өвс, хадлан",Hay harvest,14134.15
34310,Сэлэнгэ,Selenge,Баянгол,Bayangol,Гар тэжээл,Handmade fodder,222.46
34310,Сэлэнгэ,Selenge,Баянгол,Bayangol,Хужир шүү,Mineral fodder,404.09
34313,Сэлэнгэ,Selenge,Ерөө,Yeruu,Тэжээлийн ургамал,Fodder crops,900
34313,Сэлэнгэ,Selenge,Ерөө,Yeruu,"Бэлтгэсэн өвс, хадлан",Hay harvest,19827
34313,Сэлэнгэ,Selenge,Ерөө,Yeruu,Гар тэжээл,Handmade fodder,60
34313,Сэлэнгэ,Selenge,Ерөө,Yeruu,Хужир шүү,Mineral fodder,298.05
34316,Сэлэнгэ,Selenge,Жавхлант,Javkhlant,Тэжээлийн ургамал,Fodder crops,176
34316,Сэлэнгэ,Selenge,Жавхлант,Javkhlant,"Бэлтгэсэн өвс, хадлан",Hay harvest,9666.4
34316,Сэлэнгэ,Selenge,Жавхлант,Javkhlant,Гар тэжээл,Handmade fodder,43.9
34316,Сэлэнгэ,Selenge,Жавхлант,Javkhlant,Хужир шүү,Mineral fodder,215.17
34319,Сэлэнгэ,Selenge,Зүүнбүрэн,Zuunburen,Тэжээлийн ургамал,Fodder crops,3235
34319,Сэлэнгэ,Selenge,Зүүнбүрэн,Zuunburen,"Бэлтгэсэн өвс, хадлан",Hay harvest,10151.1
34319,Сэлэнгэ,Selenge,Зүүнбүрэн,Zuunburen,Гар тэжээл,Handmade fodder,2246.2
34319,Сэлэнгэ,Selenge,Зүүнбүрэн,Zuunburen,Хужир шүү,Mineral fodder,141.02
34322,Сэлэнгэ,Selenge,Мандал,Mandal,Тэжээлийн ургамал,Fodder crops,3998
34322,Сэлэнгэ,Selenge,Мандал,Mandal,"Бэлтгэсэн өвс, хадлан",Hay harvest,25730.6
34322,Сэлэнгэ,Selenge,Мандал,Mandal,Гар тэжээл,Handmade fodder,915.89
34322,Сэлэнгэ,Selenge,Мандал,Mandal,Хужир шүү,Mineral fodder,645.73
34325,Сэлэнгэ,Selenge,Орхон,Orkhon,"Бэлтгэсэн өвс, хадлан",Hay harvest,9465.1
34325,Сэлэнгэ,Selenge,Орхон,Orkhon,Хужир шүү,Mineral fodder,23.8
34328,Сэлэнгэ,Selenge,Орхонтуул,Orkhontuul,"Бэлтгэсэн өвс, хадлан",Hay harvest,12431.3
34328,Сэлэнгэ,Selenge,Орхонтуул,Orkhontuul,Гар тэжээл,Handmade fodder,139.7
34328,Сэлэнгэ,Selenge,Орхонтуул,Orkhontuul,Хужир шүү,Mineral fodder,493.07
34331,Сэлэнгэ,Selenge,Сайхан,Saikhan,Тэжээлийн ургамал,Fodder crops,3555
34331,Сэлэнгэ,Selenge,Сайхан,Saikhan,"Бэлтгэсэн өвс, хадлан",Hay harvest,13057.6
34331,Сэлэнгэ,Selenge,Сайхан,Saikhan,Гар тэжээл,Handmade fodder,79.58
34331,Сэлэнгэ,Selenge,Сайхан,Saikhan,Хужир шүү,Mineral fodder,68.82
34334,Сэлэнгэ,Selenge,Сант,Sant,"Бэлтгэсэн өвс, хадлан",Hay harvest,9360
34334,Сэлэнгэ,Selenge,Сант,Sant,Хужир шүү,Mineral fodder,91.8
34337,Сэлэнгэ,Selenge,Түшиг,Tushig,Тэжээлийн ургамал,Fodder crops,1607.8
34337,Сэлэнгэ,Selenge,Түшиг,Tushig,"Бэлтгэсэн өвс, хадлан",Hay harvest,8672
34337,Сэлэнгэ,Selenge,Түшиг,Tushig,Хужир шүү,Mineral fodder,147.9
34340,Сэлэнгэ,Selenge,Хүдэр,Khuder,"Бэлтгэсэн өвс, хадлан",Hay harvest,10409
34340,Сэлэнгэ,Selenge,Хүдэр,Khuder,Гар тэжээл,Handmade fodder,1.7
34340,Сэлэнгэ,Selenge,Хүдэр,Khuder,Хужир шүү,Mineral fodder,7.22
34343,Сэлэнгэ,Selenge,Хушаат,Khushaat,Тэжээлийн ургамал,Fodder crops,1560
34343,Сэлэнгэ,Selenge,Хушаат,Khushaat,"Бэлтгэсэн өвс, хадлан",Hay harvest,6667
34343,Сэлэнгэ,Selenge,Хушаат,Khushaat,Гар тэжээл,Handmade fodder,55.25
34343,Сэлэнгэ,Selenge,Хушаат,Khushaat,Хужир шүү,Mineral fodder,172.92
34346,Сэлэнгэ,Selenge,Цагааннуур,Tsagaannuur,Тэжээлийн ургамал,Fodder crops,16645
34346,Сэлэнгэ,Selenge,Цагааннуур,Tsagaannuur,"Бэлтгэсэн өвс, хадлан",Hay harvest,16463
34346,Сэлэнгэ,Selenge,Цагааннуур,Tsagaannuur,Гар тэжээл,Handmade fodder,0.4
34346,Сэлэнгэ,Selenge,Цагааннуур,Tsagaannuur,Хужир шүү,Mineral fodder,549.6
34349,Сэлэнгэ,Selenge,Шаамар,Shaamar,"Бэлтгэсэн өвс, хадлан",Hay harvest,6724
34349,Сэлэнгэ,Selenge,Шаамар,Shaamar,Гар тэжээл,Handmade fodder,10.3
34349,Сэлэнгэ,Selenge,Шаамар,Shaamar,Хужир шүү,Mineral fodder,77.06
34401,Дорноговь,Dornogovi,Сайншанд,Sainshand,"Бэлтгэсэн өвс, хадлан",Hay harvest,675.16
34401,Дорноговь,Dornogovi,Сайншанд,Sainshand,Гар тэжээл,Handmade fodder,58.19
34404,Дорноговь,Dornogovi,Айраг,Airag,"Бэлтгэсэн өвс, хадлан",Hay harvest,187.41
34404,Дорноговь,Dornogovi,Айраг,Airag,Гар тэжээл,Handmade fodder,19.77
34404,Дорноговь,Dornogovi,Айраг,Airag,Хужир шүү,Mineral fodder,55.2
34407,Дорноговь,Dornogovi,Алтанширээ,Altanshiree,"Бэлтгэсэн өвс, хадлан",Hay harvest,158.56
34407,Дорноговь,Dornogovi,Алтанширээ,Altanshiree,Гар тэжээл,Handmade fodder,7.01
34407,Дорноговь,Dornogovi,Алтанширээ,Altanshiree,Хужир шүү,Mineral fodder,2.6
34410,Дорноговь,Dornogovi,Даланжаргалан,Dalanjargalan,Тэжээлийн ургамал,Fodder crops,7
34410,Дорноговь,Dornogovi,Даланжаргалан,Dalanjargalan,"Бэлтгэсэн өвс, хадлан",Hay harvest,736.45
34410,Дорноговь,Dornogovi,Даланжаргалан,Dalanjargalan,Гар тэжээл,Handmade fodder,46.9
34410,Дорноговь,Dornogovi,Даланжаргалан,Dalanjargalan,Хужир шүү,Mineral fodder,92.05
34413,Дорноговь,Dornogovi,Дэлгэрэх,Delgerekh,"Бэлтгэсэн өвс, хадлан",Hay harvest,1844.7
34413,Дорноговь,Dornogovi,Дэлгэрэх,Delgerekh,Гар тэжээл,Handmade fodder,35.9
34413,Дорноговь,Dornogovi,Дэлгэрэх,Delgerekh,Хужир шүү,Mineral fodder,76
34419,Дорноговь,Dornogovi,Иххэт,Ikhkhet,Тэжээлийн ургамал,Fodder crops,1
34419,Дорноговь,Dornogovi,Иххэт,Ikhkhet,"Бэлтгэсэн өвс, хадлан",Hay harvest,457.3
34419,Дорноговь,Dornogovi,Иххэт,Ikhkhet,Гар тэжээл,Handmade fodder,16.85
34419,Дорноговь,Dornogovi,Иххэт,Ikhkhet,Хужир шүү,Mineral fodder,62.95
34422,Дорноговь,Dornogovi,Мандах,Mandakh,"Бэлтгэсэн өвс, хадлан",Hay harvest,349.1
34422,Дорноговь,Dornogovi,Мандах,Mandakh,Гар тэжээл,Handmade fodder,3.5
34422,Дорноговь,Dornogovi,Мандах,Mandakh,Хужир шүү,Mineral fodder,1
34425,Дорноговь,Dornogovi,Өргөн,Urgun,"Бэлтгэсэн өвс, хадлан",Hay harvest,534.77
34425,Дорноговь,Dornogovi,Өргөн,Urgun,Гар тэжээл,Handmade fodder,5.27
34425,Дорноговь,Dornogovi,Өргөн,Urgun,Хужир шүү,Mineral fodder,0.09
34428,Дорноговь,Dornogovi,Сайхандулаан,Saikhandulaan,"Бэлтгэсэн өвс, хадлан",Hay harvest,641.1
34428,Дорноговь,Dornogovi,Сайхандулаан,Saikhandulaan,Гар тэжээл,Handmade fodder,18.9
34431,Дорноговь,Dornogovi,Улаанбадрах,Ulaanbadrakh,"Бэлтгэсэн өвс, хадлан",Hay harvest,195.06
34431,Дорноговь,Dornogovi,Улаанбадрах,Ulaanbadrakh,Гар тэжээл,Handmade fodder,0.45
34431,Дорноговь,Dornogovi,Улаанбадрах,Ulaanbadrakh,Хужир шүү,Mineral fodder,31.15
34434,Дорноговь,Dornogovi,Хатанбулаг,Khatanbulag,"Бэлтгэсэн өвс, хадлан",Hay harvest,561.74
34434,Дорноговь,Dornogovi,Хатанбулаг,Khatanbulag,Гар тэжээл,Handmade fodder,6.4
34434,Дорноговь,Dornogovi,Хатанбулаг,Khatanbulag,Хужир шүү,Mineral fodder,1
34437,Дорноговь,Dornogovi,Хөвсгөл,Khuvsgul,"Бэлтгэсэн өвс, хадлан",Hay harvest,343
34440,Дорноговь,Dornogovi,Эрдэнэ,Erdene,Тэжээлийн ургамал,Fodder crops,2.5
34440,Дорноговь,Dornogovi,Эрдэнэ,Erdene,"Бэлтгэсэн өвс, хадлан",Hay harvest,860.3
34440,Дорноговь,Dornogovi,Эрдэнэ,Erdene,Гар тэжээл,Handmade fodder,5.9
34440,Дорноговь,Dornogovi,Эрдэнэ,Erdene,Хужир шүү,Mineral fodder,94.35
34501,Дархан-Уул,Darkhan-Uul,Дархан,Darkhan,"Бэлтгэсэн өвс, хадлан",Hay harvest,12480.1
34501,Дархан-Уул,Darkhan-Uul,Дархан,Darkhan,Гар тэжээл,Handmade fodder,297.352
34501,Дархан-Уул,Darkhan-Uul,Дархан,Darkhan,Хужир шүү,Mineral fodder,255.94
34504,Дархан-Уул,Darkhan-Uul,Орхон,Orkhon,"Бэлтгэсэн өвс, хадлан",Hay harvest,5180
34504,Дархан-Уул,Darkhan-Uul,Орхон,Orkhon,Гар тэжээл,Handmade fodder,306
34504,Дархан-Уул,Darkhan-Uul,Орхон,Orkhon,Хужир шүү,Mineral fodder,72
34507,Дархан-Уул,Darkhan-Uul,Хонгор,Khongor,Тэжээлийн ургамал,Fodder crops,700.52
34507,Дархан-Уул,Darkhan-Uul,Хонгор,Khongor,"Бэлтгэсэн өвс, хадлан",Hay harvest,10499.6
34507,Дархан-Уул,Darkhan-Uul,Хонгор,Khongor,Гар тэжээл,Handmade fodder,322.35
34507,Дархан-Уул,Darkhan-Uul,Хонгор,Khongor,Хужир шүү,Mineral fodder,352.1
34510,Дархан-Уул,Darkhan-Uul,Шарын гол,Shariin gol,"Бэлтгэсэн өвс, хадлан",Hay harvest,4653
34510,Дархан-Уул,Darkhan-Uul,Шарын гол,Shariin gol,Гар тэжээл,Handmade fodder,20.99
34510,Дархан-Уул,Darkhan-Uul,Шарын гол,Shariin gol,Хужир шүү,Mineral fodder,112.85
34601,Өмнөговь,Umnugovi,Даланзадгад,Dalanzadgad,Тэжээлийн ургамал,Fodder crops,3.1
34601,Өмнөговь,Umnugovi,Даланзадгад,Dalanzadgad,"Бэлтгэсэн өвс, хадлан",Hay harvest,357.16
34601,Өмнөговь,Umnugovi,Даланзадгад,Dalanzadgad,Гар тэжээл,Handmade fodder,12.6
34601,Өмнөговь,Umnugovi,Даланзадгад,Dalanzadgad,Хужир шүү,Mineral fodder,5.8
34604,Өмнөговь,Umnugovi,Баяндалай,Bayandalai,"Бэлтгэсэн өвс, хадлан",Hay harvest,328.3
34604,Өмнөговь,Umnugovi,Баяндалай,Bayandalai,Гар тэжээл,Handmade fodder,25.2
34604,Өмнөговь,Umnugovi,Баяндалай,Bayandalai,Хужир шүү,Mineral fodder,162.4
34607,Өмнөговь,Umnugovi,Баян-Овоо,Bayan-Ovoo,Тэжээлийн ургамал,Fodder crops,20
34607,Өмнөговь,Umnugovi,Баян-Овоо,Bayan-Ovoo,"Бэлтгэсэн өвс, хадлан",Hay harvest,164.7
34607,Өмнөговь,Umnugovi,Баян-Овоо,Bayan-Ovoo,Гар тэжээл,Handmade fodder,33.95
34607,Өмнөговь,Umnugovi,Баян-Овоо,Bayan-Ovoo,Хужир шүү,Mineral fodder,88.2
34610,Өмнөговь,Umnugovi,Булган,Bulgan,"Бэлтгэсэн өвс, хадлан",Hay harvest,494.3
34610,Өмнөговь,Umnugovi,Булган,Bulgan,Гар тэжээл,Handmade fodder,6.5
34610,Өмнөговь,Umnugovi,Булган,Bulgan,Хужир шүү,Mineral fodder,131
34613,Өмнөговь,Umnugovi,Гурвантэс,Gurvantes,Тэжээлийн ургамал,Fodder crops,60
34613,Өмнөговь,Umnugovi,Гурвантэс,Gurvantes,"Бэлтгэсэн өвс, хадлан",Hay harvest,916.55
34613,Өмнөговь,Umnugovi,Гурвантэс,Gurvantes,Гар тэжээл,Handmade fodder,76.08
34613,Өмнөговь,Umnugovi,Гурвантэс,Gurvantes,Хужир шүү,Mineral fodder,107.65
34616,Өмнөговь,Umnugovi,Мандал-Овоо,Mandal-Ovoo,"Бэлтгэсэн өвс, хадлан",Hay harvest,246.5
34616,Өмнөговь,Umnugovi,Мандал-Овоо,Mandal-Ovoo,Гар тэжээл,Handmade fodder,14.6
34619,Өмнөговь,Umnugovi,Манлай,Manlai,"Бэлтгэсэн өвс, хадлан",Hay harvest,632.99
34619,Өмнөговь,Umnugovi,Манлай,Manlai,Гар тэжээл,Handmade fodder,37.8
34619,Өмнөговь,Umnugovi,Манлай,Manlai,Хужир шүү,Mineral fodder,129.6
34622,Өмнөговь,Umnugovi,Ноён,Noyon,Тэжээлийн ургамал,Fodder crops,1.25
34622,Өмнөговь,Umnugovi,Ноён,Noyon,"Бэлтгэсэн өвс, хадлан",Hay harvest,216.1
34622,Өмнөговь,Umnugovi,Ноён,Noyon,Гар тэжээл,Handmade fodder,9.4
34622,Өмнөговь,Umnugovi,Ноён,Noyon,Хужир шүү,Mineral fodder,225.2
34625,Өмнөговь,Umnugovi,Номгон,Nomgon,Тэжээлийн ургамал,Fodder crops,200
34625,Өмнөговь,Umnugovi,Номгон,Nomgon,"Бэлтгэсэн өвс, хадлан",Hay harvest,454.45
34625,Өмнөговь,Umnugovi,Номгон,Nomgon,Гар тэжээл,Handmade fodder,327
34625,Өмнөговь,Umnugovi,Номгон,Nomgon,Хужир шүү,Mineral fodder,653
34628,Өмнөговь,Umnugovi,Сэврэй,Sevrei,Тэжээлийн ургамал,Fodder crops,0.3
34628,Өмнөговь,Umnugovi,Сэврэй,Sevrei,"Бэлтгэсэн өвс, хадлан",Hay harvest,414
34628,Өмнөговь,Umnugovi,Сэврэй,Sevrei,Гар тэжээл,Handmade fodder,3
34628,Өмнөговь,Umnugovi,Сэврэй,Sevrei,Хужир шүү,Mineral fodder,200.9
34631,Өмнөговь,Umnugovi,Ханбогд,Khanbogd,"Бэлтгэсэн өвс, хадлан",Hay harvest,497.5
34631,Өмнөговь,Umnugovi,Ханбогд,Khanbogd,Гар тэжээл,Handmade fodder,313.5
34631,Өмнөговь,Umnugovi,Ханбогд,Khanbogd,Хужир шүү,Mineral fodder,269
34634,Өмнөговь,Umnugovi,Ханхонгор,Khankhongor,Тэжээлийн ургамал,Fodder crops,300
34634,Өмнөговь,Umnugovi,Ханхонгор,Khankhongor,"Бэлтгэсэн өвс, хадлан",Hay harvest,694.7
34634,Өмнөговь,Umnugovi,Ханхонгор,Khankhongor,Гар тэжээл,Handmade fodder,272
34634,Өмнөговь,Umnugovi,Ханхонгор,Khankhongor,Хужир шүү,Mineral fodder,153
34637,Өмнөговь,Umnugovi,Хүрмэн,Khurmen,"Бэлтгэсэн өвс, хадлан",Hay harvest,130.3
34637,Өмнөговь,Umnugovi,Хүрмэн,Khurmen,Гар тэжээл,Handmade fodder,21.5
34637,Өмнөговь,Umnugovi,Хүрмэн,Khurmen,Хужир шүү,Mineral fodder,56.2
34640,Өмнөговь,Umnugovi,Цогт-Овоо,Tsogt-Ovoo,"Бэлтгэсэн өвс, хадлан",Hay harvest,572.5
34640,Өмнөговь,Umnugovi,Цогт-Овоо,Tsogt-Ovoo,Гар тэжээл,Handmade fodder,0.1
34640,Өмнөговь,Umnugovi,Цогт-Овоо,Tsogt-Ovoo,Хужир шүү,Mineral fodder,1.5
34643,Өмнөговь,Umnugovi,Цогтцэций,Tsogttsetsii,"Бэлтгэсэн өвс, хадлан",Hay harvest,1122.8
34643,Өмнөговь,Umnugovi,Цогтцэций,Tsogttsetsii,Гар тэжээл,Handmade fodder,38.5
34643,Өмнөговь,Umnugovi,Цогтцэций,Tsogttsetsii,Хужир шүү,Mineral fodder,29.5
34801,Дундговь,Dundgovi,Сайнцагаан,Saintsagaan,"Бэлтгэсэн өвс, хадлан",Hay harvest,436.85
34801,Дундговь,Dundgovi,Сайнцагаан,Saintsagaan,Гар тэжээл,Handmade fodder,131
34801,Дундговь,Dundgovi,Сайнцагаан,Saintsagaan,Хужир шүү,Mineral fodder,65
34804,Дундговь,Dundgovi,Адаацаг,Adaatsag,"Бэлтгэсэн өвс, хадлан",Hay harvest,464
34804,Дундговь,Dundgovi,Адаацаг,Adaatsag,Гар тэжээл,Handmade fodder,157.412
34804,Дундговь,Dundgovi,Адаацаг,Adaatsag,Хужир шүү,Mineral fodder,89
34807,Дундговь,Dundgovi,Баянжаргалан,Bayanjargalan,"Бэлтгэсэн өвс, хадлан",Hay harvest,140.68
34807,Дундговь,Dundgovi,Баянжаргалан,Bayanjargalan,Гар тэжээл,Handmade fodder,51.28
34807,Дундговь,Dundgovi,Баянжаргалан,Bayanjargalan,Хужир шүү,Mineral fodder,88.35
34810,Дундговь,Dundgovi,Говь-Угтаал,Govi-Ugtaal,"Бэлтгэсэн өвс, хадлан",Hay harvest,61.6
34810,Дундговь,Dundgovi,Говь-Угтаал,Govi-Ugtaal,Гар тэжээл,Handmade fodder,108.82
34810,Дундговь,Dundgovi,Говь-Угтаал,Govi-Ugtaal,Хужир шүү,Mineral fodder,59
34813,Дундговь,Dundgovi,Гурвансайхан,Gurvansaikhan,"Бэлтгэсэн өвс, хадлан",Hay harvest,38.95
34813,Дундговь,Dundgovi,Гурвансайхан,Gurvansaikhan,Гар тэжээл,Handmade fodder,52.9
34813,Дундговь,Dundgovi,Гурвансайхан,Gurvansaikhan,Хужир шүү,Mineral fodder,82.575
34816,Дундговь,Dundgovi,Дэлгэрхангай,Delgerkhangai,"Бэлтгэсэн өвс, хадлан",Hay harvest,3363.3
34816,Дундговь,Dundgovi,Дэлгэрхангай,Delgerkhangai,Гар тэжээл,Handmade fodder,8.1
34816,Дундговь,Dundgovi,Дэлгэрхангай,Delgerkhangai,Хужир шүү,Mineral fodder,42.2
34819,Дундговь,Dundgovi,Дэлгэрцогт,Delgertsogt,"Бэлтгэсэн өвс, хадлан",Hay harvest,575.25
34819,Дундговь,Dundgovi,Дэлгэрцогт,Delgertsogt,Гар тэжээл,Handmade fodder,135
34819,Дундговь,Dundgovi,Дэлгэрцогт,Delgertsogt,Хужир шүү,Mineral fodder,3.5
34822,Дундговь,Dundgovi,Дэрэн,Deren,"Бэлтгэсэн өвс, хадлан",Hay harvest,215.2
34822,Дундговь,Dundgovi,Дэрэн,Deren,Гар тэжээл,Handmade fodder,1061
34822,Дундговь,Dundgovi,Дэрэн,Deren,Хужир шүү,Mineral fodder,480
34825,Дундговь,Dundgovi,Луус,Luus,"Бэлтгэсэн өвс, хадлан",Hay harvest,297.5
34825,Дундговь,Dundgovi,Луус,Luus,Гар тэжээл,Handmade fodder,55.9
34825,Дундговь,Dundgovi,Луус,Luus,Хужир шүү,Mineral fodder,16
34828,Дундговь,Dundgovi,Өлзийт,Ulziit,"Бэлтгэсэн өвс, хадлан",Hay harvest,40
34828,Дундговь,Dundgovi,Өлзийт,Ulziit,Гар тэжээл,Handmade fodder,66.7
34831,Дундговь,Dundgovi,Өндөршил,Undurshil,"Бэлтгэсэн өвс, хадлан",Hay harvest,1
34831,Дундговь,Dundgovi,Өндөршил,Undurshil,Гар тэжээл,Handmade fodder,126.5
34834,Дундговь,Dundgovi,Сайхан-Овоо,Saikhan-Ovoo,"Бэлтгэсэн өвс, хадлан",Hay harvest,803.57
34834,Дундговь,Dundgovi,Сайхан-Овоо,Saikhan-Ovoo,Гар тэжээл,Handmade fodder,7.2
34834,Дундговь,Dundgovi,Сайхан-Овоо,Saikhan-Ovoo,Хужир шүү,Mineral fodder,69.45
34837,Дундговь,Dundgovi,Хулд,Khuld,Тэжээлийн ургамал,Fodder crops,1
34837,Дундговь,Dundgovi,Хулд,Khuld,"Бэлтгэсэн өвс, хадлан",Hay harvest,140
34837,Дундговь,Dundgovi,Хулд,Khuld,Гар тэжээл,Handmade fodder,63
34837,Дундговь,Dundgovi,Хулд,Khuld,Хужир шүү,Mineral fodder,10.5
34840,Дундговь,Dundgovi,Цагаандэлгэр,Tsagaandelger,"Бэлтгэсэн өвс, хадлан",Hay harvest,249.5
34840,Дундговь,Dundgovi,Цагаандэлгэр,Tsagaandelger,Гар тэжээл,Handmade fodder,98.2
34840,Дундговь,Dundgovi,Цагаандэлгэр,Tsagaandelger,Хужир шүү,Mineral fodder,106
34843,Дундговь,Dundgovi,Эрдэнэдалай,Erdenedalai,Тэжээлийн ургамал,Fodder crops,0
34843,Дундговь,Dundgovi,Эрдэнэдалай,Erdenedalai,"Бэлтгэсэн өвс, хадлан",Hay harvest,517.5
34843,Дундговь,Dundgovi,Эрдэнэдалай,Erdenedalai,Гар тэжээл,Handmade fodder,1501.6
34843,Дундговь,Dundgovi,Эрдэнэдалай,Erdenedalai,Хужир шүү,Mineral fodder,1226.9
42101,Дорнод,Dornod,Хэрлэн,Kherlen,"Бэлтгэсэн өвс, хадлан",Hay harvest,9906.9
42101,Дорнод,Dornod,Хэрлэн,Kherlen,Гар тэжээл,Handmade fodder,17.69
42101,Дорнод,Dornod,Хэрлэн,Kherlen,Хужир шүү,Mineral fodder,88.77
42104,Дорнод,Dornod,Баяндун,Bayandun,Тэжээлийн ургамал,Fodder crops,8.2
42104,Дорнод,Dornod,Баяндун,Bayandun,"Бэлтгэсэн өвс, хадлан",Hay harvest,6414.7
42104,Дорнод,Dornod,Баяндун,Bayandun,Гар тэжээл,Handmade fodder,0
42104,Дорнод,Dornod,Баяндун,Bayandun,Хужир шүү,Mineral fodder,2
42107,Дорнод,Dornod,Баянтүмэн,Bayantumen,Тэжээлийн ургамал,Fodder crops,1817
42107,Дорнод,Dornod,Баянтүмэн,Bayantumen,"Бэлтгэсэн өвс, хадлан",Hay harvest,13911.4
42107,Дорнод,Dornod,Баянтүмэн,Bayantumen,Гар тэжээл,Handmade fodder,0
42107,Дорнод,Dornod,Баянтүмэн,Bayantumen,Хужир шүү,Mineral fodder,335.1
42110,Дорнод,Dornod,Баян-Уул,Bayan-Uul,"Бэлтгэсэн өвс, хадлан",Hay harvest,11024.4
42110,Дорнод,Dornod,Баян-Уул,Bayan-Uul,Гар тэжээл,Handmade fodder,20
42110,Дорнод,Dornod,Баян-Уул,Bayan-Uul,Хужир шүү,Mineral fodder,226
42113,Дорнод,Dornod,Булган,Bulgan,"Бэлтгэсэн өвс, хадлан",Hay harvest,7247
42113,Дорнод,Dornod,Булган,Bulgan,Гар тэжээл,Handmade fodder,2
42113,Дорнод,Dornod,Булган,Bulgan,Хужир шүү,Mineral fodder,75
42116,Дорнод,Dornod,Гурванзагал,Gurvanzagal,"Бэлтгэсэн өвс, хадлан",Hay harvest,5869
42116,Дорнод,Dornod,Гурванзагал,Gurvanzagal,Гар тэжээл,Handmade fodder,5.6
42116,Дорнод,Dornod,Гурванзагал,Gurvanzagal,Хужир шүү,Mineral fodder,43
42119,Дорнод,Dornod,Дашбалбар,Dashbalbar,"Бэлтгэсэн өвс, хадлан",Hay harvest,10550.8
42119,Дорнод,Dornod,Дашбалбар,Dashbalbar,Гар тэжээл,Handmade fodder,31
42119,Дорнод,Dornod,Дашбалбар,Dashbalbar,Хужир шүү,Mineral fodder,288
42122,Дорнод,Dornod,Матад,Matad,"Бэлтгэсэн өвс, хадлан",Hay harvest,5160
42122,Дорнод,Dornod,Матад,Matad,Гар тэжээл,Handmade fodder,10
42122,Дорнод,Dornod,Матад,Matad,Хужир шүү,Mineral fodder,163
42125,Дорнод,Dornod,Сэргэлэн,Sergelen,"Бэлтгэсэн өвс, хадлан",Hay harvest,7036.2
42128,Дорнод,Dornod,Халхгол,Khalkhgol,Тэжээлийн ургамал,Fodder crops,2613
42128,Дорнод,Dornod,Халхгол,Khalkhgol,"Бэлтгэсэн өвс, хадлан",Hay harvest,3876.4
42128,Дорнод,Dornod,Халхгол,Khalkhgol,Гар тэжээл,Handmade fodder,2
42128,Дорнод,Dornod,Халхгол,Khalkhgol,Хужир шүү,Mineral fodder,2
42131,Дорнод,Dornod,Хөлөнбуйр,Khulunbuir,"Бэлтгэсэн өвс, хадлан",Hay harvest,7726
42131,Дорнод,Dornod,Хөлөнбуйр,Khulunbuir,Хужир шүү,Mineral fodder,759
42134,Дорнод,Dornod,Цагаан-Овоо,Tsagaan-Ovoo,Тэжээлийн ургамал,Fodder crops,73.3
42134,Дорнод,Dornod,Цагаан-Овоо,Tsagaan-Ovoo,"Бэлтгэсэн өвс, хадлан",Hay harvest,8970
42134,Дорнод,Dornod,Цагаан-Овоо,Tsagaan-Ovoo,Гар тэжээл,Handmade fodder,5
42134,Дорнод,Dornod,Цагаан-Овоо,Tsagaan-Ovoo,Хужир шүү,Mineral fodder,283
42137,Дорнод,Dornod,Чойбалсан,Choibalsan,Тэжээлийн ургамал,Fodder crops,180
42137,Дорнод,Dornod,Чойбалсан,Choibalsan,"Бэлтгэсэн өвс, хадлан",Hay harvest,5350
42137,Дорнод,Dornod,Чойбалсан,Choibalsan,Гар тэжээл,Handmade fodder,2.4
42140,Дорнод,Dornod,Чулуунхороот,Chuluunkhoroot,"Бэлтгэсэн өвс, хадлан",Hay harvest,3790
42140,Дорнод,Dornod,Чулуунхороот,Chuluunkhoroot,Гар тэжээл,Handmade fodder,0.5
42140,Дорнод,Dornod,Чулуунхороот,Chuluunkhoroot,Хужир шүү,Mineral fodder,23
42201,Сүхбаатар,Sukhbaatar,Баруун-Урт,Baruun-Urt,"Бэлтгэсэн өвс, хадлан",Hay harvest,2113
42201,Сүхбаатар,Sukhbaatar,Баруун-Урт,Baruun-Urt,Гар тэжээл,Handmade fodder,50.3
42201,Сүхбаатар,Sukhbaatar,Баруун-Урт,Baruun-Urt,Хужир шүү,Mineral fodder,808
42204,Сүхбаатар,Sukhbaatar,Асгат,Asgat,"Бэлтгэсэн өвс, хадлан",Hay harvest,2107.4
42204,Сүхбаатар,Sukhbaatar,Асгат,Asgat,Гар тэжээл,Handmade fodder,7
42204,Сүхбаатар,Sukhbaatar,Асгат,Asgat,Хужир шүү,Mineral fodder,338.8
42207,Сүхбаатар,Sukhbaatar,Баяндэлгэр,Bayandelger,"Бэлтгэсэн өвс, хадлан",Hay harvest,1419.7
42207,Сүхбаатар,Sukhbaatar,Баяндэлгэр,Bayandelger,Гар тэжээл,Handmade fodder,16.13
42207,Сүхбаатар,Sukhbaatar,Баяндэлгэр,Bayandelger,Хужир шүү,Mineral fodder,735.3
42213,Сүхбаатар,Sukhbaatar,Мөнххаан,Munkhkhaan,"Бэлтгэсэн өвс, хадлан",Hay harvest,661.35
42213,Сүхбаатар,Sukhbaatar,Мөнххаан,Munkhkhaan,Гар тэжээл,Handmade fodder,5
42213,Сүхбаатар,Sukhbaatar,Мөнххаан,Munkhkhaan,Хужир шүү,Mineral fodder,12945
42216,Сүхбаатар,Sukhbaatar,Наран,Naran,"Бэлтгэсэн өвс, хадлан",Hay harvest,858
42216,Сүхбаатар,Sukhbaatar,Наран,Naran,Гар тэжээл,Handmade fodder,32
42216,Сүхбаатар,Sukhbaatar,Наран,Naran,Хужир шүү,Mineral fodder,81.6
42219,Сүхбаатар,Sukhbaatar,Онгон,Ongon,"Бэлтгэсэн өвс, хадлан",Hay harvest,539
42219,Сүхбаатар,Sukhbaatar,Онгон,Ongon,Гар тэжээл,Handmade fodder,8
42219,Сүхбаатар,Sukhbaatar,Онгон,Ongon,Хужир шүү,Mineral fodder,134.5
42222,Сүхбаатар,Sukhbaatar,Сүхбаатар,Sukhbaatar,"Бэлтгэсэн өвс, хадлан",Hay harvest,1011.5
42222,Сүхбаатар,Sukhbaatar,Сүхбаатар,Sukhbaatar,Гар тэжээл,Handmade fodder,15
42222,Сүхбаатар,Sukhbaatar,Сүхбаатар,Sukhbaatar,Хужир шүү,Mineral fodder,1113
42225,Сүхбаатар,Sukhbaatar,Түвшинширээ,Tuvshinshiree,"Бэлтгэсэн өвс, хадлан",Hay harvest,402
42225,Сүхбаатар,Sukhbaatar,Түвшинширээ,Tuvshinshiree,Гар тэжээл,Handmade fodder,60
42225,Сүхбаатар,Sukhbaatar,Түвшинширээ,Tuvshinshiree,Хужир шүү,Mineral fodder,296.5
42228,Сүхбаатар,Sukhbaatar,Түмэнцогт,Tumentsogt,"Бэлтгэсэн өвс, хадлан",Hay harvest,1901.45
42228,Сүхбаатар,Sukhbaatar,Түмэнцогт,Tumentsogt,Гар тэжээл,Handmade fodder,9
42228,Сүхбаатар,Sukhbaatar,Түмэнцогт,Tumentsogt,Хужир шүү,Mineral fodder,237
42231,Сүхбаатар,Sukhbaatar,Уулбаян,Uulbayan,"Бэлтгэсэн өвс, хадлан",Hay harvest,542.9
42231,Сүхбаатар,Sukhbaatar,Уулбаян,Uulbayan,Гар тэжээл,Handmade fodder,11.33
42231,Сүхбаатар,Sukhbaatar,Уулбаян,Uulbayan,Хужир шүү,Mineral fodder,273.2
42234,Сүхбаатар,Sukhbaatar,Халзан,Khalzan,"Бэлтгэсэн өвс, хадлан",Hay harvest,385
42234,Сүхбаатар,Sukhbaatar,Халзан,Khalzan,Хужир шүү,Mineral fodder,228.5
42237,Сүхбаатар,Sukhbaatar,Эрдэнэцагаан,Erdenetsagaan,Тэжээлийн ургамал,Fodder crops,2660
42237,Сүхбаатар,Sukhbaatar,Эрдэнэцагаан,Erdenetsagaan,"Бэлтгэсэн өвс, хадлан",Hay harvest,2734.65
42237,Сүхбаатар,Sukhbaatar,Эрдэнэцагаан,Erdenetsagaan,Гар тэжээл,Handmade fodder,30
42237,Сүхбаатар,Sukhbaatar,Эрдэнэцагаан,Erdenetsagaan,Хужир шүү,Mineral fodder,4454
42301,Хэнтий,Khentii,Хэрлэн,Kherlen,Тэжээлийн ургамал,Fodder crops,1500
42301,Хэнтий,Khentii,Хэрлэн,Kherlen,"Бэлтгэсэн өвс, хадлан",Hay harvest,11875.7
42301,Хэнтий,Khentii,Хэрлэн,Kherlen,Гар тэжээл,Handmade fodder,533.2
42301,Хэнтий,Khentii,Хэрлэн,Kherlen,Хужир шүү,Mineral fodder,462
42304,Хэнтий,Khentii,Батноров,Batnorov,"Бэлтгэсэн өвс, хадлан",Hay harvest,6750.6
42304,Хэнтий,Khentii,Батноров,Batnorov,Гар тэжээл,Handmade fodder,9.8
42304,Хэнтий,Khentii,Батноров,Batnorov,Хужир шүү,Mineral fodder,902.5
42307,Хэнтий,Khentii,Батширээт,Batshireet,Тэжээлийн ургамал,Fodder crops,110
42307,Хэнтий,Khentii,Батширээт,Batshireet,"Бэлтгэсэн өвс, хадлан",Hay harvest,10643.4
42310,Хэнтий,Khentii,Баян-Адарга,Bayan-Adarga,"Бэлтгэсэн өвс, хадлан",Hay harvest,10975.1
42310,Хэнтий,Khentii,Баян-Адарга,Bayan-Adarga,Гар тэжээл,Handmade fodder,9
42310,Хэнтий,Khentii,Баян-Адарга,Bayan-Adarga,Хужир шүү,Mineral fodder,82
42313,Хэнтий,Khentii,Баянмөнх,Bayanmunkh,"Бэлтгэсэн өвс, хадлан",Hay harvest,260.4
42313,Хэнтий,Khentii,Баянмөнх,Bayanmunkh,Гар тэжээл,Handmade fodder,1190
42313,Хэнтий,Khentii,Баянмөнх,Bayanmunkh,Хужир шүү,Mineral fodder,560
42316,Хэнтий,Khentii,Баян-Овоо,Bayan-Ovoo,"Бэлтгэсэн өвс, хадлан",Hay harvest,1985
42316,Хэнтий,Khentii,Баян-Овоо,Bayan-Ovoo,Гар тэжээл,Handmade fodder,179
42316,Хэнтий,Khentii,Баян-Овоо,Bayan-Ovoo,Хужир шүү,Mineral fodder,453
42319,Хэнтий,Khentii,Баянхутаг,Bayankhutag,"Бэлтгэсэн өвс, хадлан",Hay harvest,2115
42319,Хэнтий,Khentii,Баянхутаг,Bayankhutag,Хужир шүү,Mineral fodder,158
42322,Хэнтий,Khentii,Биндэр,Binder,"Бэлтгэсэн өвс, хадлан",Hay harvest,14961.1
42322,Хэнтий,Khentii,Биндэр,Binder,Хужир шүү,Mineral fodder,9
42325,Хэнтий,Khentii,Галшар,Galshar,"Бэлтгэсэн өвс, хадлан",Hay harvest,2267.3
42325,Хэнтий,Khentii,Галшар,Galshar,Гар тэжээл,Handmade fodder,15.3
42325,Хэнтий,Khentii,Галшар,Galshar,Хужир шүү,Mineral fodder,143.1
42328,Хэнтий,Khentii,Дадал,Dadal,"Бэлтгэсэн өвс, хадлан",Hay harvest,25102
42328,Хэнтий,Khentii,Дадал,Dadal,Гар тэжээл,Handmade fodder,5
42331,Хэнтий,Khentii,Дархан,Darkhan,"Бэлтгэсэн өвс, хадлан",Hay harvest,739
42331,Хэнтий,Khentii,Дархан,Darkhan,Гар тэжээл,Handmade fodder,9.3
42331,Хэнтий,Khentii,Дархан,Darkhan,Хужир шүү,Mineral fodder,237
42334,Хэнтий,Khentii,Дэлгэрхаан,Delgerkhaan,Тэжээлийн ургамал,Fodder crops,10
42334,Хэнтий,Khentii,Дэлгэрхаан,Delgerkhaan,"Бэлтгэсэн өвс, хадлан",Hay harvest,943.35
42334,Хэнтий,Khentii,Дэлгэрхаан,Delgerkhaan,Гар тэжээл,Handmade fodder,14.8
42334,Хэнтий,Khentii,Дэлгэрхаан,Delgerkhaan,Хужир шүү,Mineral fodder,701
42337,Хэнтий,Khentii,Жаргалтхаан,Jargaltkhaan,"Бэлтгэсэн өвс, хадлан",Hay harvest,226
42337,Хэнтий,Khentii,Жаргалтхаан,Jargaltkhaan,Гар тэжээл,Handmade fodder,12
42337,Хэнтий,Khentii,Жаргалтхаан,Jargaltkhaan,Хужир шүү,Mineral fodder,29
42340,Хэнтий,Khentii,Мөрөн,Murun,"Бэлтгэсэн өвс, хадлан",Hay harvest,1382.6
42340,Хэнтий,Khentii,Мөрөн,Murun,Гар тэжээл,Handmade fodder,5.7
42340,Хэнтий,Khentii,Мөрөн,Murun,Хужир шүү,Mineral fodder,453
42343,Хэнтий,Khentii,Норовлин,Norovlin,"Бэлтгэсэн өвс, хадлан",Hay harvest,11640.15
42343,Хэнтий,Khentii,Норовлин,Norovlin,Хужир шүү,Mineral fodder,311.9
42346,Хэнтий,Khentii,Өмнөдэлгэр,Umnudelger,Тэжээлийн ургамал,Fodder crops,410
42346,Хэнтий,Khentii,Өмнөдэлгэр,Umnudelger,"Бэлтгэсэн өвс, хадлан",Hay harvest,23822.5
42346,Хэнтий,Khentii,Өмнөдэлгэр,Umnudelger,Гар тэжээл,Handmade fodder,58
42346,Хэнтий,Khentii,Өмнөдэлгэр,Umnudelger,Хужир шүү,Mineral fodder,224.5
42349,Хэнтий,Khentii,Цэнхэрмандал,Tsenkhermandal,Тэжээлийн ургамал,Fodder crops,24
42349,Хэнтий,Khentii,Цэнхэрмандал,Tsenkhermandal,"Бэлтгэсэн өвс, хадлан",Hay harvest,2068
42349,Хэнтий,Khentii,Цэнхэрмандал,Tsenkhermandal,Гар тэжээл,Handmade fodder,79.4
42349,Хэнтий,Khentii,Цэнхэрмандал,Tsenkhermandal,Хужир шүү,Mineral fodder,269.6
51101,Улаанбаатар,Ulaanbaatar,Багануур,Baganuur,Тэжээлийн ургамал,Fodder crops,149
51101,Улаанбаатар,Ulaanbaatar,Багануур,Baganuur,"Бэлтгэсэн өвс, хадлан",Hay harvest,3661.4
51101,Улаанбаатар,Ulaanbaatar,Багануур,Baganuur,Гар тэжээл,Handmade fodder,203.92
51101,Улаанбаатар,Ulaanbaatar,Багануур,Baganuur,Хужир шүү,Mineral fodder,245.89
51104,Улаанбаатар,Ulaanbaatar,Багахангай,Bagakhangai,"Бэлтгэсэн өвс, хадлан",Hay harvest,807.9
51104,Улаанбаатар,Ulaanbaatar,Багахангай,Bagakhangai,Гар тэжээл,Handmade fodder,11.01
51104,Улаанбаатар,Ulaanbaatar,Багахангай,Bagakhangai,Хужир шүү,Mineral fodder,17.52
51107,Улаанбаатар,Ulaanbaatar,Баянгол,Bayangol,"Бэлтгэсэн өвс, хадлан",Hay harvest,0.58
51110,Улаанбаатар,Ulaanbaatar,Баянзүрх,Bayanzurkh,Тэжээлийн ургамал,Fodder crops,108.312
51110,Улаанбаатар,Ulaanbaatar,Баянзүрх,Bayanzurkh,"Бэлтгэсэн өвс, хадлан",Hay harvest,3878.7
51110,Улаанбаатар,Ulaanbaatar,Баянзүрх,Bayanzurkh,Гар тэжээл,Handmade fodder,145.33
51110,Улаанбаатар,Ulaanbaatar,Баянзүрх,Bayanzurkh,Хужир шүү,Mineral fodder,56.6
51113,Улаанбаатар,Ulaanbaatar,Налайх,Nalaikh,"Бэлтгэсэн өвс, хадлан",Hay harvest,2666.59
51113,Улаанбаатар,Ulaanbaatar,Налайх,Nalaikh,Гар тэжээл,Handmade fodder,381.14
51113,Улаанбаатар,Ulaanbaatar,Налайх,Nalaikh,Хужир шүү,Mineral fodder,178.69
51116,Улаанбаатар,Ulaanbaatar,Сонгинохайрхан,Songinokhairkhan,Тэжээлийн ургамал,Fodder crops,3330.172
51116,Улаанбаатар,Ulaanbaatar,Сонгинохайрхан,Songinokhairkhan,"Бэлтгэсэн өвс, хадлан",Hay harvest,12392.55
51116,Улаанбаатар,Ulaanbaatar,Сонгинохайрхан,Songinokhairkhan,Гар тэжээл,Handmade fodder,895.35
51116,Улаанбаатар,Ulaanbaatar,Сонгинохайрхан,Songinokhairkhan,Хужир шүү,Mineral fodder,838.13
51119,Улаанбаатар,Ulaanbaatar,Сүхбаатар,Sukhbaatar,Тэжээлийн ургамал,Fodder crops,0.005
51119,Улаанбаатар,Ulaanbaatar,Сүхбаатар,Sukhbaatar,Гар тэжээл,Handmade fodder,6.57
51119,Улаанбаатар,Ulaanbaatar,Сүхбаатар,Sukhbaatar,Хужир шүү,Mineral fodder,0.5
51122,Улаанбаатар,Ulaanbaatar,Хан-Уул,Khan-Uul,Тэжээлийн ургамал,Fodder crops,397.5
51122,Улаанбаатар,Ulaanbaatar,Хан-Уул,Khan-Uul,"Бэлтгэсэн өвс, хадлан",Hay harvest,6465.12
51122,Улаанбаатар,Ulaanbaatar,Хан-Уул,Khan-Uul,Гар тэжээл,Handmade fodder,1300.56
51122,Улаанбаатар,Ulaanbaatar,Хан-Уул,Khan-Uul,Хужир шүү,Mineral fodder,294.047